code,name,exchange,market
000001,平安银行,SZSE,深市
000002,万  科Ａ,SZSE,深市
000006,深振业Ａ,SZSE,深市
000008,神州高铁,SZSE,深市
000009,中国宝安,SZSE,深市
000010,*ST美丽,SZSE,深市
000011,深物业A,SZSE,深市
000012,南  玻Ａ,SZSE,深市
000014,沙河股份,SZSE,深市
000016,*ST康佳A,SZSE,深市
000017,深中华A,SZSE,深市
000019,深粮控股,SZSE,深市
000021,深科技,SZSE,深市
000025,特  力Ａ,SZSE,深市
000026,飞亚达,SZSE,深市
000027,深圳能源,SZSE,深市
000028,国药一致,SZSE,深市
000029,深深房Ａ,SZSE,深市
000030,富奥股份,SZSE,深市
000031,大悦城,SZSE,深市
000032,深桑达Ａ,SZSE,深市
000034,神州数码,SZSE,深市
000035,中国天楹,SZSE,深市
000036,华联控股,SZSE,深市
000039,中集集团,SZSE,深市
000042,中洲控股,SZSE,深市
000045,深纺织Ａ,SZSE,深市
000048,京基智农,SZSE,深市
000049,德赛电池,SZSE,深市
000050,深天马Ａ,SZSE,深市
000055,方大集团,SZSE,深市
000058,深 赛 格,SZSE,深市
000059,华锦股份,SZSE,深市
000060,中金岭南,SZSE,深市
000061,农 产 品,SZSE,深市
000062,深圳华强,SZSE,深市
000063,中兴通讯,SZSE,深市
000065,北方国际,SZSE,深市
000066,中国长城,SZSE,深市
000068,华控赛格,SZSE,深市
000069,华侨城Ａ,SZSE,深市
000070,特发信息,SZSE,深市
000088,盐 田 港,SZSE,深市
000089,深圳机场,SZSE,深市
000090,天健集团,SZSE,深市
000099,中信海直,SZSE,深市
000100,TCL科技,SZSE,深市
000151,中成股份,SZSE,深市
000153,丰原药业,SZSE,深市
000155,川能动力,SZSE,深市
000156,华数传媒,SZSE,深市
000157,中联重科,SZSE,深市
000158,常山北明,SZSE,深市
000159,国际实业,SZSE,深市
000166,申万宏源,SZSE,深市
000301,东方盛虹,SZSE,深市
000333,美的集团,SZSE,深市
000338,潍柴动力,SZSE,深市
000400,许继电气,SZSE,深市
000401,金隅冀东,SZSE,深市
000402,金 融 街,SZSE,深市
000403,派林生物,SZSE,深市
000404,长虹华意,SZSE,深市
000407,胜利股份,SZSE,深市
000408,藏格矿业,SZSE,深市
000410,沈阳机床,SZSE,深市
000411,英特集团,SZSE,深市
000415,渤海租赁,SZSE,深市
000421,南京公用,SZSE,深市
000422,湖北宜化,SZSE,深市
000423,东阿阿胶,SZSE,深市
000425,徐工机械,SZSE,深市
000426,兴业银锡,SZSE,深市
000428,华天酒店,SZSE,深市
000429,粤高速Ａ,SZSE,深市
000430,ST张家界,SZSE,深市
000488,ST晨鸣,SZSE,深市
000498,山东路桥,SZSE,深市
000501,武商集团,SZSE,深市
000503,国新健康,SZSE,深市
000504,*ST生物,SZSE,深市
000505,京粮控股,SZSE,深市
000506,招金黄金,SZSE,深市
000507,珠海港,SZSE,深市
000509,华塑控股,SZSE,深市
000513,丽珠集团,SZSE,深市
000514,渝 开 发,SZSE,深市
000516,国际医学,SZSE,深市
000517,荣安地产,SZSE,深市
000519,中兵红箭,SZSE,深市
000520,凤凰航运,SZSE,深市
000521,长虹美菱,SZSE,深市
000523,红棉股份,SZSE,深市
000524,岭南控股,SZSE,深市
000525,红太阳,SZSE,深市
000526,学大教育,SZSE,深市
000528,柳    工,SZSE,深市
000530,冰山冷热,SZSE,深市
000531,穗恒运Ａ,SZSE,深市
000532,华金资本,SZSE,深市
000533,顺钠股份,SZSE,深市
000534,万泽股份,SZSE,深市
000536,华映科技,SZSE,深市
000537,绿发电力,SZSE,深市
000538,云南白药,SZSE,深市
000539,粤电力Ａ,SZSE,深市
000541,佛山照明,SZSE,深市
000543,皖能电力,SZSE,深市
000544,中原环保,SZSE,深市
000545,金浦钛业,SZSE,深市
000546,金圆股份,SZSE,深市
000547,航天发展,SZSE,深市
000548,湖南投资,SZSE,深市
000550,江铃汽车,SZSE,深市
000551,创元科技,SZSE,深市
000552,甘肃能化,SZSE,深市
000553,安道麦A,SZSE,深市
000554,泰山石油,SZSE,深市
000555,神州信息,SZSE,深市
000557,西部创业,SZSE,深市
000558,天府文旅,SZSE,深市
000559,万向钱潮,SZSE,深市
000560,我爱我家,SZSE,深市
000563,陕国投Ａ,SZSE,深市
000564,供销大集,SZSE,深市
000565,渝三峡Ａ,SZSE,深市
000566,海南海药,SZSE,深市
000568,泸州老窖,SZSE,深市
000570,苏常柴Ａ,SZSE,深市
000571,新大洲A,SZSE,深市
000576,甘化科工,SZSE,深市
000581,威孚高科,SZSE,深市
000582,北部湾港,SZSE,深市
000589,贵州轮胎,SZSE,深市
000591,太阳能,SZSE,深市
000592,平潭发展,SZSE,深市
000596,古井贡酒,SZSE,深市
000597,东北制药,SZSE,深市
000598,兴蓉环境,SZSE,深市
000599,青岛双星,SZSE,深市
000600,建投能源,SZSE,深市
000605,渤海股份,SZSE,深市
000607,华媒控股,SZSE,深市
000608,*ST阳光,SZSE,深市
000609,*ST中迪,SZSE,深市
000610,*ST西旅,SZSE,深市
000612,焦作万方,SZSE,深市
000615,*ST美谷,SZSE,深市
000617,中油资本,SZSE,深市
000620,盈新发展,SZSE,深市
000623,吉林敖东,SZSE,深市
000625,长安汽车,SZSE,深市
000628,高新发展,SZSE,深市
000629,钒钛股份,SZSE,深市
000630,铜陵有色,SZSE,深市
000631,顺发恒能,SZSE,深市
000632,ST三木,SZSE,深市
000635,英 力 特,SZSE,深市
000636,风华高科,SZSE,深市
000638,*ST万方,SZSE,深市
000639,ST西王,SZSE,深市
000650,仁和药业,SZSE,深市
000651,格力电器,SZSE,深市
000652,泰达股份,SZSE,深市
000655,金岭矿业,SZSE,深市
000656,*ST金科,SZSE,深市
000657,中钨高新,SZSE,深市
000661,长春高新,SZSE,深市
000663,永安林业,SZSE,深市
000665,湖北广电,SZSE,深市
000669,ST金鸿,SZSE,深市
000670,盈方微,SZSE,深市
000672,上峰水泥,SZSE,深市
000676,智度股份,SZSE,深市
000678,襄阳轴承,SZSE,深市
000679,大连友谊,SZSE,深市
000680,山推股份,SZSE,深市
000681,视觉中国,SZSE,深市
000682,东方电子,SZSE,深市
000683,博源化工,SZSE,深市
000685,中山公用,SZSE,深市
000686,东北证券,SZSE,深市
000688,国城矿业,SZSE,深市
000690,宝新能源,SZSE,深市
000691,*ST亚太,SZSE,深市
000692,惠天热电,SZSE,深市
000695,滨海能源,SZSE,深市
000697,炼石航空,SZSE,深市
000698,ST沈化,SZSE,深市
000700,模塑科技,SZSE,深市
000701,厦门信达,SZSE,深市
000702,正虹科技,SZSE,深市
000703,恒逸石化,SZSE,深市
000707,双环科技,SZSE,深市
000708,中信特钢,SZSE,深市
000709,河钢股份,SZSE,深市
000711,ST京蓝,SZSE,深市
000712,锦龙股份,SZSE,深市
000713,国投丰乐,SZSE,深市
000717,中南股份,SZSE,深市
000718,苏宁环球,SZSE,深市
000719,中原传媒,SZSE,深市
000720,新能泰山,SZSE,深市
000721,西安饮食,SZSE,深市
000722,湖南发展,SZSE,深市
000723,美锦能源,SZSE,深市
000725,京东方Ａ,SZSE,深市
000726,鲁  泰Ａ,SZSE,深市
000727,冠捷科技,SZSE,深市
000728,国元证券,SZSE,深市
000729,燕京啤酒,SZSE,深市
000731,四川美丰,SZSE,深市
000733,振华科技,SZSE,深市
000735,罗 牛 山,SZSE,深市
000736,*ST中地,SZSE,深市
000738,航发控制,SZSE,深市
000739,普洛药业,SZSE,深市
000750,国海证券,SZSE,深市
000752,*ST西发,SZSE,深市
000753,漳州发展,SZSE,深市
000755,山西高速,SZSE,深市
000756,新华制药,SZSE,深市
000758,中色股份,SZSE,深市
000759,中百集团,SZSE,深市
000761,本钢板材,SZSE,深市
000762,西藏矿业,SZSE,深市
000767,晋控电力,SZSE,深市
000768,中航西飞,SZSE,深市
000776,广发证券,SZSE,深市
000777,中核科技,SZSE,深市
000778,新兴铸管,SZSE,深市
000779,甘咨询,SZSE,深市
000782,恒申新材,SZSE,深市
000783,长江证券,SZSE,深市
000786,北新建材,SZSE,深市
000791,甘肃能源,SZSE,深市
000792,盐湖股份,SZSE,深市
000793,*ST华闻,SZSE,深市
000795,英洛华,SZSE,深市
000796,凯撒旅业,SZSE,深市
000797,中国武夷,SZSE,深市
000798,中水渔业,SZSE,深市
000799,酒鬼酒,SZSE,深市
000800,一汽解放,SZSE,深市
000801,四川九洲,SZSE,深市
000802,北京文化,SZSE,深市
000803,山高环能,SZSE,深市
000807,云铝股份,SZSE,深市
000809,和展能源,SZSE,深市
000810,创维数字,SZSE,深市
000811,冰轮环境,SZSE,深市
000812,陕西金叶,SZSE,深市
000815,美利云,SZSE,深市
000819,岳阳兴长,SZSE,深市
000822,山东海化,SZSE,深市
000825,太钢不锈,SZSE,深市
000826,*ST启环,SZSE,深市
000828,东莞控股,SZSE,深市
000829,天音控股,SZSE,深市
000830,鲁西化工,SZSE,深市
000831,中国稀土,SZSE,深市
000833,粤桂股份,SZSE,深市
000837,秦川机床,SZSE,深市
000838,*ST发展,SZSE,深市
000839,国安股份,SZSE,深市
000848,承德露露,SZSE,深市
000852,石化机械,SZSE,深市
000856,冀东装备,SZSE,深市
000858,五 粮 液,SZSE,深市
000860,顺鑫农业,SZSE,深市
000862,银星能源,SZSE,深市
000863,三湘印象,SZSE,深市
000869,张  裕Ａ,SZSE,深市
000875,电投绿能,SZSE,深市
000876,新 希 望,SZSE,深市
000877,天山股份,SZSE,深市
000878,云南铜业,SZSE,深市
000880,潍柴重机,SZSE,深市
000881,中广核技,SZSE,深市
000882,华联股份,SZSE,深市
000883,湖北能源,SZSE,深市
000885,城发环境,SZSE,深市
000886,海南高速,SZSE,深市
000887,中鼎股份,SZSE,深市
000888,峨眉山Ａ,SZSE,深市
000892,欢瑞世纪,SZSE,深市
000895,双汇发展,SZSE,深市
000897,津滨发展,SZSE,深市
000898,鞍钢股份,SZSE,深市
000899,赣能股份,SZSE,深市
000900,现代投资,SZSE,深市
000901,航天科技,SZSE,深市
000902,新洋丰,SZSE,深市
000903,ST云动,SZSE,深市
000905,厦门港务,SZSE,深市
000906,浙商中拓,SZSE,深市
000911,*ST广糖,SZSE,深市
000912,泸天化,SZSE,深市
000913,钱江摩托,SZSE,深市
000915,华特达因,SZSE,深市
000917,电广传媒,SZSE,深市
000919,金陵药业,SZSE,深市
000920,沃顿科技,SZSE,深市
000921,海信家电,SZSE,深市
000922,佳电股份,SZSE,深市
000923,河钢资源,SZSE,深市
000925,众合科技,SZSE,深市
000927,中国铁物,SZSE,深市
000928,中钢国际,SZSE,深市
000930,中粮科技,SZSE,深市
000931,中 关 村,SZSE,深市
000932,华菱钢铁,SZSE,深市
000933,神火股份,SZSE,深市
000937,冀中能源,SZSE,深市
000938,紫光股份,SZSE,深市
000948,南天信息,SZSE,深市
000949,新乡化纤,SZSE,深市
000950,重药控股,SZSE,深市
000951,中国重汽,SZSE,深市
000952,广济药业,SZSE,深市
000957,中通客车,SZSE,深市
000958,电投产融,SZSE,深市
000959,首钢股份,SZSE,深市
000960,锡业股份,SZSE,深市
000962,东方钽业,SZSE,深市
000963,华东医药,SZSE,深市
000965,天保基建,SZSE,深市
000966,长源电力,SZSE,深市
000967,盈峰环境,SZSE,深市
000968,蓝焰控股,SZSE,深市
000969,安泰科技,SZSE,深市
000970,中科三环,SZSE,深市
000972,*ST中基,SZSE,深市
000973,佛塑科技,SZSE,深市
000975,山金国际,SZSE,深市
000977,浪潮信息,SZSE,深市
000978,桂林旅游,SZSE,深市
000981,山子高科,SZSE,深市
000983,山西焦煤,SZSE,深市
000985,大庆华科,SZSE,深市
000987,越秀资本,SZSE,深市
000988,华工科技,SZSE,深市
000989,九芝堂,SZSE,深市
000990,诚志股份,SZSE,深市
000993,闽东电力,SZSE,深市
000997,新 大 陆,SZSE,深市
000998,隆平高科,SZSE,深市
000999,华润三九,SZSE,深市
001201,东瑞股份,SZSE,深市
001203,大中矿业,SZSE,深市
001205,盛航股份,SZSE,深市
001208,华菱线缆,SZSE,深市
001210,金房能源,SZSE,深市
001215,千味央厨,SZSE,深市
001216,华瓷股份,SZSE,深市
001219,青岛食品,SZSE,深市
001221,悍高集团,SZSE,深市
001222,源飞宠物,SZSE,深市
001227,兰州银行,SZSE,深市
001228,永泰运,SZSE,深市
001230,劲旅环境,SZSE,深市
001234,泰慕士,SZSE,深市
001236,弘业期货,SZSE,深市
001238,浙江正特,SZSE,深市
001258,立新能源,SZSE,深市
001283,豪鹏科技,SZSE,深市
001287,中电港,SZSE,深市
001289,龙源电力,SZSE,深市
001299,美能能源,SZSE,深市
001301,尚太科技,SZSE,深市
001308,康冠科技,SZSE,深市
001322,箭牌家居,SZSE,深市
001323,慕思股份,SZSE,深市
001324,长青科技,SZSE,深市
001328,登康口腔,SZSE,深市
001338,永顺泰,SZSE,深市
001339,智微智能,SZSE,深市
001389,广合科技,SZSE,深市
001390,古麒绒材,SZSE,深市
001391,国货航,SZSE,深市
001696,宗申动力,SZSE,深市
001872,招商港口,SZSE,深市
001914,招商积余,SZSE,深市
001965,招商公路,SZSE,深市
001979,招商蛇口,SZSE,深市
002001,新 和 成,SZSE,深市
002003,伟星股份,SZSE,深市
002006,精工科技,SZSE,深市
002007,华兰生物,SZSE,深市
002008,大族激光,SZSE,深市
002009,天奇股份,SZSE,深市
002010,传化智联,SZSE,深市
002011,盾安环境,SZSE,深市
002012,凯恩股份,SZSE,深市
002014,永新股份,SZSE,深市
002015,协鑫能科,SZSE,深市
002016,世荣兆业,SZSE,深市
002017,东信和平,SZSE,深市
002019,亿帆医药,SZSE,深市
002020,京新药业,SZSE,深市
002022,科华生物,SZSE,深市
002024,ST易购,SZSE,深市
002025,航天电器,SZSE,深市
002027,分众传媒,SZSE,深市
002028,思源电气,SZSE,深市
002029,七 匹 狼,SZSE,深市
002030,达安基因,SZSE,深市
002049,紫光国微,SZSE,深市
002129,TCL中环,SZSE,深市
002142,宁波银行,SZSE,深市
002230,科大讯飞,SZSE,深市
002236,大华股份,SZSE,深市
002271,东方雨虹,SZSE,深市
002304,洋河股份,SZSE,深市
002311,海大集团,SZSE,深市
002352,顺丰控股,SZSE,深市
002371,北方华创,SZSE,深市
002415,海康威视,SZSE,深市
002460,赣锋锂业,SZSE,深市
002475,立讯精密,SZSE,深市
002594,比亚迪,SZSE,深市
002714,牧原股份,SZSE,深市
300015,爱尔眼科,SZSE,深市
300033,同花顺,SZSE,深市
300059,东方财富,SZSE,深市
300122,智飞生物,SZSE,深市
300124,汇川技术,SZSE,深市
300274,阳光电源,SZSE,深市
300347,泰格医药,SZSE,深市
300408,三环集团,SZSE,深市
300413,芒果超媒,SZSE,深市
300433,蓝思科技,SZSE,深市
300498,温氏股份,SZSE,深市
300661,圣邦股份,SZSE,深市
300750,宁德时代,SZSE,深市
300759,康龙化成,SZSE,深市
300760,迈瑞医疗,SZSE,深市
300782,卓胜微,SZSE,深市
600000,浦发银行,SSE,沪市
600009,上海机场,SSE,沪市
600011,华能国际,SSE,沪市
600016,民生银行,SSE,沪市
600019,宝钢股份,SSE,沪市
600028,中国石化,SSE,沪市
600029,南方航空,SSE,沪市
600030,中信证券,SSE,沪市
600031,三一重工,SSE,沪市
600036,招商银行,SSE,沪市
600048,保利发展,SSE,沪市
600050,中国联通,SSE,沪市
600104,上汽集团,SSE,沪市
600115,中国东航,SSE,沪市
600150,中国船舶,SSE,沪市
600188,兖矿能源,SSE,沪市
600196,复星医药,SSE,沪市
600276,恒瑞医药,SSE,沪市
600309,万华化学,SSE,沪市
600406,国电南瑞,SSE,沪市
600436,片仔癀,SSE,沪市
600438,通威股份,SSE,沪市
600519,贵州茅台,SSE,沪市
600570,恒生电子,SSE,沪市
600585,海螺水泥,SSE,沪市
600600,青岛啤酒,SSE,沪市
600660,福耀玻璃,SSE,沪市
600690,海尔智家,SSE,沪市
600809,山西汾酒,SSE,沪市
600886,国投电力,SSE,沪市
600887,伊利股份,SSE,沪市
600893,航发动力,SSE,沪市
600900,长江电力,SSE,沪市
600941,中国移动,SSE,沪市
601006,大秦铁路,SSE,沪市
601012,隆基绿能,SSE,沪市
601088,中国神华,SSE,沪市
601111,中国国航,SSE,沪市
601166,兴业银行,SSE,沪市
601225,陕西煤业,SSE,沪市
601238,广汽集团,SSE,沪市
601288,农业银行,SSE,沪市
601318,中国平安,SSE,沪市
601328,交通银行,SSE,沪市
601398,工商银行,SSE,沪市
601601,中国太保,SSE,沪市
601628,中国人寿,SSE,沪市
601668,中国建筑,SSE,沪市
601688,华泰证券,SSE,沪市
601728,中国电信,SSE,沪市
601800,中国交建,SSE,沪市
601818,光大银行,SSE,沪市
601857,中国石油,SSE,沪市
601888,中国中免,SSE,沪市
601899,紫金矿业,SSE,沪市
601919,中远海控,SSE,沪市
601939,建设银行,SSE,沪市
601985,中国核电,SSE,沪市
603259,药明康德,SSE,沪市
603288,海天味业,SSE,沪市
603986,兆易创新,SSE,沪市
688012,中微公司,SSE,沪市
688036,传音控股,SSE,沪市
688111,金山办公,SSE,沪市
688981,中芯国际,SSE,沪市
