code,name,title,year,filepath,status
000001,平安银行,平安银行：2025年度可持续发展报告,2026,C:\Users\13765\OneDrive\Desktop\研究生\数据要素\data\pdfs\000001_平安银行_2026.pdf,success
000002,万  科Ａ,万科A：2025年度可持续发展报告,2026,C:\Users\13765\OneDrive\Desktop\研究生\数据要素\data\pdfs\000002_万科A_2026.pdf,success
000004,*ST国华,,,,no_esg_report
000006,深振业Ａ,深振业Ａ：振业集团环境、社会和公司治理（ESG）报告,2025,C:\Users\13765\OneDrive\Desktop\研究生\数据要素\data\pdfs\000006_深振业A_2025.pdf,success
000007,全新好,,,,no_esg_report
000008,神州高铁,神州高铁：神州高铁2025可持续发展（ESG）报告,2026,C:\Users\13765\OneDrive\Desktop\研究生\数据要素\data\pdfs\000008_神州高铁_2026.pdf,success
000009,中国宝安,中国宝安：2025年度社会责任报告,2026,C:\Users\13765\OneDrive\Desktop\研究生\数据要素\data\pdfs\000009_中国宝安_2026.pdf,success
000010,*ST美丽,深华新：关于浙江深华新生态建设发展有限公司截至2014年12月31日债权债务专项审核报告,2015,C:\Users\13765\OneDrive\Desktop\研究生\数据要素\data\pdfs\000010_ST美丽_2015.pdf,success
000011,深物业A,深物业A：2025年度ESG暨社会责任报告,2026,C:\Users\13765\OneDrive\Desktop\研究生\数据要素\data\pdfs\000011_深物业A_2026.pdf,success
000012,南  玻Ａ,南  玻Ａ：2025年度社会责任报告,2026,C:\Users\13765\OneDrive\Desktop\研究生\数据要素\data\pdfs\000012_南玻A_2026.pdf,success
000014,沙河股份,沙河股份：2025年可持续发展报告,2026,C:\Users\13765\OneDrive\Desktop\研究生\数据要素\data\pdfs\000014_沙河股份_2026.pdf,success
000016,*ST康佳A,深康佳Ａ：2025年度环境、社会和公司治理(ESG)报告,2026,C:\Users\13765\OneDrive\Desktop\研究生\数据要素\data\pdfs\000016_ST康佳A_2026.pdf,success
000017,深中华A,*ST中华A：深圳市国民投资发展有限公司及张燕芬女士关于纪汉飞先生受让深圳市国晟能源投资发展有限公司100%股权之调查报告,2011,C:\Users\13765\OneDrive\Desktop\研究生\数据要素\data\pdfs\000017_深中华A_2011.pdf,success
000019,深粮控股,深粮控股：2018社会责任报告,2019,C:\Users\13765\OneDrive\Desktop\研究生\数据要素\data\pdfs\000019_深粮控股_2019.pdf,success
000020,深华发Ａ,,,,no_esg_report
000021,深科技,深科技：2025年环境、社会及治理（ESG）报告,2026,C:\Users\13765\OneDrive\Desktop\研究生\数据要素\data\pdfs\000021_深科技_2026.pdf,success
000025,特  力Ａ,特  力Ａ：2025年度环境、社会及治理（ESG）报告,2026,C:\Users\13765\OneDrive\Desktop\研究生\数据要素\data\pdfs\000025_特力A_2026.pdf,success
000026,飞亚达,飞亚达：2025年度环境、社会和公司治理（ESG）报告,2026,C:\Users\13765\OneDrive\Desktop\研究生\数据要素\data\pdfs\000026_飞亚达_2026.pdf,success
000027,深圳能源,深圳能源：2025年度可持续发展报告,2026,C:\Users\13765\OneDrive\Desktop\研究生\数据要素\data\pdfs\000027_深圳能源_2026.pdf,success
000028,国药一致,国药一致：2025年度ESG报告,2026,C:\Users\13765\OneDrive\Desktop\研究生\数据要素\data\pdfs\000028_国药一致_2026.pdf,success
000029,深深房Ａ,深深房Ａ：2025年度环境、社会及公司治理(ESG)报告,2026,C:\Users\13765\OneDrive\Desktop\研究生\数据要素\data\pdfs\000029_深深房A_2026.pdf,success
000030,富奥股份,富奥股份：富奥股份2025环境、社会和公司治理(ESG)报告,2026,C:\Users\13765\OneDrive\Desktop\研究生\数据要素\data\pdfs\000030_富奥股份_2026.pdf,success
000031,大悦城,大悦城：2025年度可持续发展报告,2026,C:\Users\13765\OneDrive\Desktop\研究生\数据要素\data\pdfs\000031_大悦城_2026.pdf,success
000032,深桑达Ａ,深桑达Ａ：2025年度可持续发展报告,2026,C:\Users\13765\OneDrive\Desktop\研究生\数据要素\data\pdfs\000032_深桑达A_2026.pdf,success
000034,神州数码,神州数码：2025年可持续发展报告,2026,C:\Users\13765\OneDrive\Desktop\研究生\数据要素\data\pdfs\000034_神州数码_2026.pdf,success
000035,中国天楹,中国天楹：2025年度可持续发展报告,2026,C:\Users\13765\OneDrive\Desktop\研究生\数据要素\data\pdfs\000035_中国天楹_2026.pdf,success
000036,华联控股,华联控股：淳安县国有资产管理委员会办公室拟实施补偿回购涉及的浙江省兴财房地产发展有限公司股东全部权益价值资产评估报告,2018,C:\Users\13765\OneDrive\Desktop\研究生\数据要素\data\pdfs\000036_华联控股_2018.pdf,success
000037,深南电A,,,,no_esg_report
000039,中集集团,中集集团：中国国际海运集装箱（集团）股份有限公司2025年度可持续发展暨环境、社会及管治报告,2026,C:\Users\13765\OneDrive\Desktop\研究生\数据要素\data\pdfs\000039_中集集团_2026.pdf,success
000042,中洲控股,中洲控股：拟进行股权收购所涉及的惠州市康威投资发展有限公司股东全部权益价值评估报告,2014,C:\Users\13765\OneDrive\Desktop\研究生\数据要素\data\pdfs\000042_中洲控股_2014.pdf,success
000045,深纺织Ａ,深纺织Ａ：《深圳市纺织（集团）股份有限公司2024年环境、社会和公司治理（ESG）报告》,2025,C:\Users\13765\OneDrive\Desktop\研究生\数据要素\data\pdfs\000045_深纺织A_2025.pdf,success
000048,京基智农,京基智农：2023年度环境、社会及公司治理（ESG）报告,2024,C:\Users\13765\OneDrive\Desktop\研究生\数据要素\data\pdfs\000048_京基智农_2024.pdf,success
000049,德赛电池,ST 万 山：关于惠州市德赛集团有限公司和惠州市德赛工业发展有限公司部分资产评估报告书,2004,C:\Users\13765\OneDrive\Desktop\研究生\数据要素\data\pdfs\000049_德赛电池_2004.pdf,success
000050,深天马Ａ,深天马Ａ：2025年可持续发展报告（暨ESG报告）,2026,C:\Users\13765\OneDrive\Desktop\研究生\数据要素\data\pdfs\000050_深天马A_2026.pdf,success
000055,方大集团,方大集团：2025年社会责任报告,2026,C:\Users\13765\OneDrive\Desktop\研究生\数据要素\data\pdfs\000055_方大集团_2026.pdf,success
000056,*ST皇庭,皇庭国际：深圳市国商林业发展有限公司审计报告,2015,C:\Users\13765\OneDrive\Desktop\研究生\数据要素\data\pdfs\000056_ST皇庭_2015.pdf,success
000058,深 赛 格,深 赛 格：公司、深圳市赛格实业投资有限公司、深圳市赛格物业发展有限公司拟进行股权转让所涉及的深圳市赛格小额贷款有限公司股东部分权益价值资产评估报告,2018,C:\Users\13765\OneDrive\Desktop\研究生\数据要素\data\pdfs\000058_深赛格_2018.pdf,success
000059,华锦股份,华锦股份：2021年社会责任报告,2022,C:\Users\13765\OneDrive\Desktop\研究生\数据要素\data\pdfs\000059_华锦股份_2022.pdf,success
000060,中金岭南,中金岭南：2025年环境、社会及治理（ESG）报告,2026,C:\Users\13765\OneDrive\Desktop\研究生\数据要素\data\pdfs\000060_中金岭南_2026.pdf,success
000061,农 产 品,农 产 品：2025年社会责任报告,2026,C:\Users\13765\OneDrive\Desktop\研究生\数据要素\data\pdfs\000061_农产品_2026.pdf,success
000062,深圳华强,深圳华强：拟购入资产深圳华强电子世界发展有限公司2008年度、2009年度盈利预测审核报告,2008,C:\Users\13765\OneDrive\Desktop\研究生\数据要素\data\pdfs\000062_深圳华强_2008.pdf,success
000063,中兴通讯,中兴通讯：2025年度可持续发展报告,2026,C:\Users\13765\OneDrive\Desktop\研究生\数据要素\data\pdfs\000063_中兴通讯_2026.pdf,success
000065,北方国际,北方国际：2025年度ESG报告,2026,C:\Users\13765\OneDrive\Desktop\研究生\数据要素\data\pdfs\000065_北方国际_2026.pdf,success
000066,中国长城,中国长城：2023年社会责任报告,2024,C:\Users\13765\OneDrive\Desktop\研究生\数据要素\data\pdfs\000066_中国长城_2024.pdf,success
000068,华控赛格,华控赛格：2025年环境、社会和公司治理（ESG）报告,2026,C:\Users\13765\OneDrive\Desktop\研究生\数据要素\data\pdfs\000068_华控赛格_2026.pdf,success
000069,华侨城Ａ,华侨城Ａ：深圳华侨城股份有限公司2025年环境、社会和治理（ESG）报告,2026,C:\Users\13765\OneDrive\Desktop\研究生\数据要素\data\pdfs\000069_华侨城A_2026.pdf,success
000070,特发信息,特发信息：特发信息2025年度可持续发展报告,2026,C:\Users\13765\OneDrive\Desktop\研究生\数据要素\data\pdfs\000070_特发信息_2026.pdf,success
000078,ST海王,,,,no_esg_report
000088,盐 田 港,盐 田 港：2025年度可持续发展报告,2026,C:\Users\13765\OneDrive\Desktop\研究生\数据要素\data\pdfs\000088_盐田港_2026.pdf,success
000089,深圳机场,深圳机场：深圳市机场股份有限公司2025年度环境、社会和公司治理（ESG）报告,2026,C:\Users\13765\OneDrive\Desktop\研究生\数据要素\data\pdfs\000089_深圳机场_2026.pdf,success
000090,天健集团,天健集团：天健集团2025年可持续发展（ESG）报告,2026,C:\Users\13765\OneDrive\Desktop\研究生\数据要素\data\pdfs\000090_天健集团_2026.pdf,success
000096,广聚能源,,,,no_esg_report
000099,中信海直,中信海直：2024年度环境、社会及公司治理（ESG）报告,2025,C:\Users\13765\OneDrive\Desktop\研究生\数据要素\data\pdfs\000099_中信海直_2025.pdf,success
000100,TCL科技,TCL科技：2022年社会责任报告,2023,C:\Users\13765\OneDrive\Desktop\研究生\数据要素\data\pdfs\000100_TCL科技_2023.pdf,success
000151,中成股份,中成股份：中成进出口股份有限公司ESG报告,2026,C:\Users\13765\OneDrive\Desktop\研究生\数据要素\data\pdfs\000151_中成股份_2026.pdf,success
000153,丰原药业,丰原药业：拟收购蚌埠涂山投资发展有限公司持有的安徽丰原大药房连锁有限公司15%股权项目资产评估报告书,2013,C:\Users\13765\OneDrive\Desktop\研究生\数据要素\data\pdfs\000153_丰原药业_2013.pdf,success
000155,川能动力,川能动力：2023年社会责任报告,2024,C:\Users\13765\OneDrive\Desktop\研究生\数据要素\data\pdfs\000155_川能动力_2024.pdf,success
000156,华数传媒,华数传媒：2023年度环境、社会及治理（ESG）报告,2024,C:\Users\13765\OneDrive\Desktop\研究生\数据要素\data\pdfs\000156_华数传媒_2024.pdf,success
000157,中联重科,中联重科：2025年环境、社会及管治（ESG）报告,2026,C:\Users\13765\OneDrive\Desktop\研究生\数据要素\data\pdfs\000157_中联重科_2026.pdf,success
000158,常山北明,常山北明：2025年环境、社会和公司治理（ESG）报告,2026,C:\Users\13765\OneDrive\Desktop\研究生\数据要素\data\pdfs\000158_常山北明_2026.pdf,success
000159,国际实业,国际实业：2024年度环境、社会及治理（ESG）报告,2025,C:\Users\13765\OneDrive\Desktop\研究生\数据要素\data\pdfs\000159_国际实业_2025.pdf,success
000166,申万宏源,申万宏源：申万宏源集团股份有限公司2025年度可持续发展暨环境、社会及管治报告,2026,C:\Users\13765\OneDrive\Desktop\研究生\数据要素\data\pdfs\000166_申万宏源_2026.pdf,success
000301,东方盛虹,东方盛虹：2022年社会责任报告,2023,C:\Users\13765\OneDrive\Desktop\研究生\数据要素\data\pdfs\000301_东方盛虹_2023.pdf,success
000333,美的集团,美的集团：2025年度环境、社会及管治（ESG）报告,2026,C:\Users\13765\OneDrive\Desktop\研究生\数据要素\data\pdfs\000333_美的集团_2026.pdf,success
000338,潍柴动力,潍柴动力：潍柴动力股份有限公司2025年环境、社会及管治（ESG）报告,2026,C:\Users\13765\OneDrive\Desktop\研究生\数据要素\data\pdfs\000338_潍柴动力_2026.pdf,success
000400,许继电气,许继电气：2025年ESG报告,2026,C:\Users\13765\OneDrive\Desktop\研究生\数据要素\data\pdfs\000400_许继电气_2026.pdf,success
000401,金隅冀东,金隅冀东：2025年度可持续发展报告,2026,C:\Users\13765\OneDrive\Desktop\研究生\数据要素\data\pdfs\000401_金隅冀东_2026.pdf,success
000402,金 融 街,金 融 街：金融街控股股份有限公司2025年度社会责任报告暨环境、社会及管治报告,2026,C:\Users\13765\OneDrive\Desktop\研究生\数据要素\data\pdfs\000402_金融街_2026.pdf,success
000403,派林生物,派林生物：派林生物2025年环境、社会及治理（ESG）报告,2026,C:\Users\13765\OneDrive\Desktop\研究生\数据要素\data\pdfs\000403_派林生物_2026.pdf,success
000404,长虹华意,长虹华意：2025年度环境、社会和治理（ESG）报告（中文）,2026,C:\Users\13765\OneDrive\Desktop\研究生\数据要素\data\pdfs\000404_长虹华意_2026.pdf,success
000407,胜利股份,胜利股份：2025年度社会责任报告,2026,C:\Users\13765\OneDrive\Desktop\研究生\数据要素\data\pdfs\000407_胜利股份_2026.pdf,success
000408,藏格矿业,藏格矿业：2025年可持续发展报告,2026,C:\Users\13765\OneDrive\Desktop\研究生\数据要素\data\pdfs\000408_藏格矿业_2026.pdf,success
000409,云鼎科技,,,,no_valid_pdf
000410,沈阳机床,*ST沈机：沈阳机床股份有限公司2022年度ESG报告,2023,C:\Users\13765\OneDrive\Desktop\研究生\数据要素\data\pdfs\000410_沈阳机床_2023.pdf,success
000411,英特集团,英特集团：2025年度环境、社会和治理（ESG）报告,2026,C:\Users\13765\OneDrive\Desktop\研究生\数据要素\data\pdfs\000411_英特集团_2026.pdf,success
000415,渤海租赁,渤海租赁：2025年度可持续发展报告,2026,C:\Users\13765\OneDrive\Desktop\研究生\数据要素\data\pdfs\000415_渤海租赁_2026.pdf,success
000417,合百集团,,,,no_esg_report
000419,通程控股,,,,no_esg_report
000420,吉林化纤,,,,no_esg_report
000421,南京公用,南京公用：2025年度环境、社会及公司治理（ESG）报告,2026,C:\Users\13765\OneDrive\Desktop\研究生\数据要素\data\pdfs\000421_南京公用_2026.pdf,success
000422,湖北宜化,湖北宜化：2025年度可持续发展报告,2026,C:\Users\13765\OneDrive\Desktop\研究生\数据要素\data\pdfs\000422_湖北宜化_2026.pdf,success
000423,东阿阿胶,东阿阿胶：2024年社会责任报告,2025,C:\Users\13765\OneDrive\Desktop\研究生\数据要素\data\pdfs\000423_东阿阿胶_2025.pdf,success
000425,徐工机械,徐工机械：2025年度环境、社会与治理（ESG）报告,2026,C:\Users\13765\OneDrive\Desktop\研究生\数据要素\data\pdfs\000425_徐工机械_2026.pdf,success
000426,兴业银锡,兴业银锡：2023年度环境、社会和公司治理（ESG）报告,2024,C:\Users\13765\OneDrive\Desktop\研究生\数据要素\data\pdfs\000426_兴业银锡_2024.pdf,success
000428,华天酒店,华天酒店：中信证券股份有限公司关于湖南阳光华天旅游发展集团有限责任公司免于发出要约收购华天酒店集团股份有限公司之2022年度及2023年一季度持续督导意见暨持续督导总结报告,2023,C:\Users\13765\OneDrive\Desktop\研究生\数据要素\data\pdfs\000428_华天酒店_2023.pdf,success
000429,粤高速Ａ,粤高速Ａ：粤高速2025年度ESG报告,2026,C:\Users\13765\OneDrive\Desktop\研究生\数据要素\data\pdfs\000429_粤高速A_2026.pdf,success
000430,ST张家界,张家界：华英证券有限责任公司关于张家界市经济发展投资集团有限公司收购公司暨申请豁免要约收购义务之财务顾问报告（更新后）,2018,C:\Users\13765\OneDrive\Desktop\研究生\数据要素\data\pdfs\000430_ST张家界_2018.pdf,success
000488,ST晨鸣,ST晨鸣：2025年度环境、社会和公司治理（ESG）报告,2026,C:\Users\13765\OneDrive\Desktop\研究生\数据要素\data\pdfs\000488_ST晨鸣_2026.pdf,success
000498,山东路桥,山东路桥：山东路桥2025年度环境、社会和公司治理（ESG）报告,2026,C:\Users\13765\OneDrive\Desktop\研究生\数据要素\data\pdfs\000498_山东路桥_2026.pdf,success
000501,武商集团,鄂武商Ａ：武汉银泰商业发展有限公司持股变动报告书,2006,C:\Users\13765\OneDrive\Desktop\研究生\数据要素\data\pdfs\000501_武商集团_2006.pdf,success
000503,国新健康,国新健康：2025年度环境、社会和公司治理（ESG）报告,2026,C:\Users\13765\OneDrive\Desktop\研究生\数据要素\data\pdfs\000503_国新健康_2026.pdf,success
000504,*ST生物,*ST生物：拟收购惠州市梵宇实业发展有限公司股权所涉及的城光（湖南）节能环保服务股份有限公司股东全部权益市场价值评估报告,2016,C:\Users\13765\OneDrive\Desktop\研究生\数据要素\data\pdfs\000504_ST生物_2016.pdf,success
000505,京粮控股,京粮控股：2024年度环境、社会和公司治理（ESG）报告,2025,C:\Users\13765\OneDrive\Desktop\研究生\数据要素\data\pdfs\000505_京粮控股_2025.pdf,success
000506,招金黄金,中润资源：中润矿业发展有限公司拟股权转让所涉及内蒙古汇银矿业有限公司股东全部权益价值资产评估报告,2018,C:\Users\13765\OneDrive\Desktop\研究生\数据要素\data\pdfs\000506_招金黄金_2018.pdf,success
000507,珠海港,珠海港：2025年度环境、社会及管治（ESG）报告,2026,C:\Users\13765\OneDrive\Desktop\研究生\数据要素\data\pdfs\000507_珠海港_2026.pdf,success
000509,华塑控股,华塑控股：2024年度环境、社会与公司治理（ESG）报告,2025,C:\Users\13765\OneDrive\Desktop\研究生\数据要素\data\pdfs\000509_华塑控股_2025.pdf,success
000510,新金路,,,,no_esg_report
000513,丽珠集团,丽珠集团：2025环境、社会及管治报告,2026,C:\Users\13765\OneDrive\Desktop\研究生\数据要素\data\pdfs\000513_丽珠集团_2026.pdf,success
000514,渝 开 发,渝 开 发：重庆隆鑫锐智投资发展有限公司审计报告,2015,C:\Users\13765\OneDrive\Desktop\研究生\数据要素\data\pdfs\000514_渝开发_2015.pdf,success
000516,国际医学,国际医学：2025年度ESG暨可持续发展报告,2026,C:\Users\13765\OneDrive\Desktop\研究生\数据要素\data\pdfs\000516_国际医学_2026.pdf,success
000517,荣安地产,荣安地产：荣安地产股份有限公司社会责任报告,2026,C:\Users\13765\OneDrive\Desktop\研究生\数据要素\data\pdfs\000517_荣安地产_2026.pdf,success
000518,*ST四环,四环生物：广西阳光林业发展有限公司拟进行股权转让涉及的广西洲际林业投资有限公司股东全部权益价值评估报告,2017,C:\Users\13765\OneDrive\Desktop\研究生\数据要素\data\pdfs\000518_ST四环_2017.pdf,success
000519,中兵红箭,中兵红箭：2025年度可持续发展报告,2026,C:\Users\13765\OneDrive\Desktop\研究生\数据要素\data\pdfs\000519_中兵红箭_2026.pdf,success
000520,凤凰航运,长航凤凰：2008年度社会责任报告,2009,C:\Users\13765\OneDrive\Desktop\研究生\数据要素\data\pdfs\000520_凤凰航运_2009.pdf,success
000521,长虹美菱,长虹美菱：2025年度环境、社会及公司治理(ESG) 报告,2026,C:\Users\13765\OneDrive\Desktop\研究生\数据要素\data\pdfs\000521_长虹美菱_2026.pdf,success
000523,红棉股份,红棉股份：中职信广州市红棉智汇科创股份有限公司关于收购广州新仕诚企业发展股份有限公司60%股权 2025年度业绩承诺实现情况的说明审核报告,2026,C:\Users\13765\OneDrive\Desktop\研究生\数据要素\data\pdfs\000523_红棉股份_2026.pdf,success
000524,岭南控股,岭南控股：2025年度社会责任报告,2026,C:\Users\13765\OneDrive\Desktop\研究生\数据要素\data\pdfs\000524_岭南控股_2026.pdf,success
000525,红太阳,红太阳：2025年度环境、社会和公司治理（ESG）报告,2026,C:\Users\13765\OneDrive\Desktop\研究生\数据要素\data\pdfs\000525_红太阳_2026.pdf,success
000526,学大教育,学大教育：2025年度环境、社会及公司治理（ESG）报告,2026,C:\Users\13765\OneDrive\Desktop\研究生\数据要素\data\pdfs\000526_学大教育_2026.pdf,success
000528,柳    工,柳    工：2025年环境、社会和公司治理（ESG）报告（中文）,2026,C:\Users\13765\OneDrive\Desktop\研究生\数据要素\data\pdfs\000528_柳工_2026.pdf,success
000529,广弘控股,,,,no_esg_report
000530,冰山冷热,冰山冷热：2025年度社会责任报告,2026,C:\Users\13765\OneDrive\Desktop\研究生\数据要素\data\pdfs\000530_冰山冷热_2026.pdf,success
000531,穗恒运Ａ,穗恒运Ａ：穗恒运2025年ESG报告,2026,C:\Users\13765\OneDrive\Desktop\研究生\数据要素\data\pdfs\000531_穗恒运A_2026.pdf,success
000532,华金资本,华金资本：珠海华实创业实体产业发展投资基金（有限合伙）审计报告,2020,C:\Users\13765\OneDrive\Desktop\研究生\数据要素\data\pdfs\000532_华金资本_2020.pdf,success
000533,顺钠股份,顺钠股份：2025年度可持续发展报告,2026,C:\Users\13765\OneDrive\Desktop\研究生\数据要素\data\pdfs\000533_顺钠股份_2026.pdf,success
000534,万泽股份,万泽股份：拟向万泽集团有限公司转让所持有的对西安新鸿业投资发展有限公司应收债权所涉及对西安新鸿业投资发展有限公司应收债权市场价值资产评估报告,2020,C:\Users\13765\OneDrive\Desktop\研究生\数据要素\data\pdfs\000534_万泽股份_2020.pdf,success
000536,华映科技,华映科技：公司2025年度社会责任报告,2026,C:\Users\13765\OneDrive\Desktop\研究生\数据要素\data\pdfs\000536_华映科技_2026.pdf,success
000537,绿发电力,绿发电力：2025年环境、社会和公司治理（ESG）报告,2026,C:\Users\13765\OneDrive\Desktop\研究生\数据要素\data\pdfs\000537_绿发电力_2026.pdf,success
000538,云南白药,云南白药：云南白药2025年可持续发展报告,2026,C:\Users\13765\OneDrive\Desktop\研究生\数据要素\data\pdfs\000538_云南白药_2026.pdf,success
000539,粤电力Ａ,粤电力Ａ：广东电力发展股份有限公司2025年环境、社会及治理（ESG）报告,2026,C:\Users\13765\OneDrive\Desktop\研究生\数据要素\data\pdfs\000539_粤电力A_2026.pdf,success
000541,佛山照明,佛山照明：2025年环境、社会及治理（ESG）报告,2026,C:\Users\13765\OneDrive\Desktop\研究生\数据要素\data\pdfs\000541_佛山照明_2026.pdf,success
000543,皖能电力,皖能电力：皖能电力2025年度ESG报告,2026,C:\Users\13765\OneDrive\Desktop\研究生\数据要素\data\pdfs\000543_皖能电力_2026.pdf,success
000544,中原环保,中原环保：中原环保股份有限公司2025年可持续发展报告,2026,C:\Users\13765\OneDrive\Desktop\研究生\数据要素\data\pdfs\000544_中原环保_2026.pdf,success
000545,金浦钛业,金浦钛业：2024年度社会责任报告,2025,C:\Users\13765\OneDrive\Desktop\研究生\数据要素\data\pdfs\000545_金浦钛业_2025.pdf,success
000546,金圆股份,金圆股份：2023年社会责任报告,2024,C:\Users\13765\OneDrive\Desktop\研究生\数据要素\data\pdfs\000546_金圆股份_2024.pdf,success
000547,航天发展,航天发展：2026年一季度报告,2026,C:\Users\13765\OneDrive\Desktop\研究生\数据要素\data\pdfs\000547_航天发展_2026.pdf,success
000548,湖南投资,湖南投资：公司2025年可持续发展报告,2026,C:\Users\13765\OneDrive\Desktop\研究生\数据要素\data\pdfs\000548_湖南投资_2026.pdf,success
000550,江铃汽车,江铃汽车：江铃汽车2025年ESG报告,2026,C:\Users\13765\OneDrive\Desktop\研究生\数据要素\data\pdfs\000550_江铃汽车_2026.pdf,success
000551,创元科技,创元科技：2025年度环境、社会和公司治理（ESG）报告,2026,C:\Users\13765\OneDrive\Desktop\研究生\数据要素\data\pdfs\000551_创元科技_2026.pdf,success
000552,甘肃能化,甘肃能化：2025年度环境、社会及治理（ESG）报告,2026,C:\Users\13765\OneDrive\Desktop\研究生\数据要素\data\pdfs\000552_甘肃能化_2026.pdf,success
000553,安道麦A,安道麦A：安道麦股份有限公司2024年度社会责任报告,2025,C:\Users\13765\OneDrive\Desktop\研究生\数据要素\data\pdfs\000553_安道麦A_2025.pdf,success
000554,泰山石油,泰山石油：中国石化山东泰山石油股份有限公司2025年度可持续发展报告,2026,C:\Users\13765\OneDrive\Desktop\研究生\数据要素\data\pdfs\000554_泰山石油_2026.pdf,success
000555,神州信息,神州信息：2025年度社会责任报告,2026,C:\Users\13765\OneDrive\Desktop\研究生\数据要素\data\pdfs\000555_神州信息_2026.pdf,success
000557,西部创业,西部创业：2025年度可持续发展（ESG）报告,2026,C:\Users\13765\OneDrive\Desktop\研究生\数据要素\data\pdfs\000557_西部创业_2026.pdf,success
000558,天府文旅,天府文旅：2025年度环境、社会和公司治理（ESG)报告,2026,C:\Users\13765\OneDrive\Desktop\研究生\数据要素\data\pdfs\000558_天府文旅_2026.pdf,success
000559,万向钱潮,万向钱潮：2025年度社会责任报告,2026,C:\Users\13765\OneDrive\Desktop\研究生\数据要素\data\pdfs\000559_万向钱潮_2026.pdf,success
000560,我爱我家,我爱我家：2021年社会责任报告,2022,C:\Users\13765\OneDrive\Desktop\研究生\数据要素\data\pdfs\000560_我爱我家_2022.pdf,success
000561,烽火电子,,,,no_esg_report
000563,陕国投Ａ,陕国投Ａ：2025年度社会责任报告,2026,C:\Users\13765\OneDrive\Desktop\研究生\数据要素\data\pdfs\000563_陕国投A_2026.pdf,success
000564,供销大集,供销大集：2025年度社会责任报告,2026,C:\Users\13765\OneDrive\Desktop\研究生\数据要素\data\pdfs\000564_供销大集_2026.pdf,success
000565,渝三峡Ａ,渝三峡Ａ：2025年度可持续发展报告,2026,C:\Users\13765\OneDrive\Desktop\研究生\数据要素\data\pdfs\000565_渝三峡A_2026.pdf,success
000566,海南海药,海南海药：公司2025年度环境、社会和公司治理(ESG)报告,2026,C:\Users\13765\OneDrive\Desktop\研究生\数据要素\data\pdfs\000566_海南海药_2026.pdf,success
000567,海德股份,,,,no_esg_report
000568,泸州老窖,泸州老窖：2025年环境、社会及治理（ESG）报告,2026,C:\Users\13765\OneDrive\Desktop\研究生\数据要素\data\pdfs\000568_泸州老窖_2026.pdf,success
000570,苏常柴Ａ,苏常柴Ａ：2025年度社会责任报告,2026,C:\Users\13765\OneDrive\Desktop\研究生\数据要素\data\pdfs\000570_苏常柴A_2026.pdf,success
000571,新大洲A,*ST大洲：大连桃源商城商业发展有限公司审计报告,2020,C:\Users\13765\OneDrive\Desktop\研究生\数据要素\data\pdfs\000571_新大洲A_2020.pdf,success
000572,海马汽车,,,,no_esg_report
000573,粤宏远Ａ,,,,no_esg_report
000576,甘化科工,甘化科工：2025年度企业社会责任报告,2026,C:\Users\13765\OneDrive\Desktop\研究生\数据要素\data\pdfs\000576_甘化科工_2026.pdf,success
000581,威孚高科,威孚高科：2025年度环境、社会及公司治理（ESG）报告,2026,C:\Users\13765\OneDrive\Desktop\研究生\数据要素\data\pdfs\000581_威孚高科_2026.pdf,success
000582,北部湾港,北部湾港：2025年度环境、社会和公司治理（ESG）报告,2026,C:\Users\13765\OneDrive\Desktop\研究生\数据要素\data\pdfs\000582_北部湾港_2026.pdf,success
000586,汇源通信,,,,no_esg_report
000589,贵州轮胎,贵州轮胎：2025年度可持续发展报告,2026,C:\Users\13765\OneDrive\Desktop\研究生\数据要素\data\pdfs\000589_贵州轮胎_2026.pdf,success
000590,古汉医药,,,,no_esg_report
000591,太阳能,太阳能：中节能太阳能股份有限公司2025年度环境、社会及治理（ESG）报告,2026,C:\Users\13765\OneDrive\Desktop\研究生\数据要素\data\pdfs\000591_太阳能_2026.pdf,success
000592,平潭发展,平潭发展：2026年一季度报告,2026,C:\Users\13765\OneDrive\Desktop\研究生\数据要素\data\pdfs\000592_平潭发展_2026.pdf,success
000593,德龙汇能,,,,no_esg_report
000595,*ST宝实,,,,no_esg_report
000596,古井贡酒,古井贡酒：2025年环境、社会及治理（ESG）报告,2026,C:\Users\13765\OneDrive\Desktop\研究生\数据要素\data\pdfs\000596_古井贡酒_2026.pdf,success
000597,东北制药,东北制药：2010年度社会责任报告,2011,C:\Users\13765\OneDrive\Desktop\研究生\数据要素\data\pdfs\000597_东北制药_2011.pdf,success
000598,兴蓉环境,兴蓉环境：2025年度环境、社会及公司治理（ESG）报告,2026,C:\Users\13765\OneDrive\Desktop\研究生\数据要素\data\pdfs\000598_兴蓉环境_2026.pdf,success
000599,青岛双星,青岛双星：2025年度可持续发展暨环境、社会和治理（ESG）报告,2026,C:\Users\13765\OneDrive\Desktop\研究生\数据要素\data\pdfs\000599_青岛双星_2026.pdf,success
000600,建投能源,建投能源：河北建投能源投资股份有限公司2025可持续发展报告,2026,C:\Users\13765\OneDrive\Desktop\研究生\数据要素\data\pdfs\000600_建投能源_2026.pdf,success
000601,韶能股份,,,,no_esg_report
000603,盛达资源,,,,no_esg_report
000605,渤海股份,渤海股份：2025年度环境、社会和公司治理（ESG）报告,2026,C:\Users\13765\OneDrive\Desktop\研究生\数据要素\data\pdfs\000605_渤海股份_2026.pdf,success
000607,华媒控股,华媒控股：2024年社会责任报告,2025,C:\Users\13765\OneDrive\Desktop\研究生\数据要素\data\pdfs\000607_华媒控股_2025.pdf,success
000608,*ST阳光,阳光股份：北京道乐科技发展有限公司审计报告,2019,C:\Users\13765\OneDrive\Desktop\研究生\数据要素\data\pdfs\000608_ST阳光_2019.pdf,success
000609,*ST中迪,绵世股份：2007年度审计报告（北京中能环科技术发展有限公司）,2008,C:\Users\13765\OneDrive\Desktop\研究生\数据要素\data\pdfs\000609_ST中迪_2008.pdf,success
000610,*ST西旅,西安旅游：迭部县扎尕那生态旅游文化发展有限公司审计报告,2021,C:\Users\13765\OneDrive\Desktop\研究生\数据要素\data\pdfs\000610_ST西旅_2021.pdf,success
000612,焦作万方,焦作万方：焦作万方铝业股份有限公司2025年度环境、社会及公司治理（ESG）报告,2026,C:\Users\13765\OneDrive\Desktop\研究生\数据要素\data\pdfs\000612_焦作万方_2026.pdf,success
000615,*ST美谷,奥园美谷：拟接受股权抵押涉及的上海奥园旅游发展有限公司股东全部权益价值资产评估报告,2022,C:\Users\13765\OneDrive\Desktop\研究生\数据要素\data\pdfs\000615_ST美谷_2022.pdf,success
000617,中油资本,中油资本：2025年度环境、社会与公司治理（ESG）报告,2026,C:\Users\13765\OneDrive\Desktop\研究生\数据要素\data\pdfs\000617_中油资本_2026.pdf,success
000619,海螺新材,,,,no_esg_report
000620,盈新发展,盈新发展：关于独立董事独立性自查情况的专项报告,2026,C:\Users\13765\OneDrive\Desktop\研究生\数据要素\data\pdfs\000620_盈新发展_2026.pdf,success
000623,吉林敖东,吉林敖东：2025年度社会责任报告,2026,C:\Users\13765\OneDrive\Desktop\研究生\数据要素\data\pdfs\000623_吉林敖东_2026.pdf,success
000625,长安汽车,长安汽车：长安汽车2025年环境、社会和公司治理（ESG）报告,2026,C:\Users\13765\OneDrive\Desktop\研究生\数据要素\data\pdfs\000625_长安汽车_2026.pdf,success
000626,远大控股,,,,no_esg_report
000628,高新发展,高新发展：2026年一季度报告,2026,C:\Users\13765\OneDrive\Desktop\研究生\数据要素\data\pdfs\000628_高新发展_2026.pdf,success
000629,钒钛股份,钒钛股份：2025环境、社会及管治（ESG）报告,2026,C:\Users\13765\OneDrive\Desktop\研究生\数据要素\data\pdfs\000629_钒钛股份_2026.pdf,success
000630,铜陵有色,铜陵有色：铜陵有色金属集团股份有限公司2025环境、社会和公司治理（ESG)报告,2026,C:\Users\13765\OneDrive\Desktop\研究生\数据要素\data\pdfs\000630_铜陵有色_2026.pdf,success
000631,顺发恒能,S*ST兰宝：简式权益变动报告书（长春高新光电发展有限公司）,2008,C:\Users\13765\OneDrive\Desktop\研究生\数据要素\data\pdfs\000631_顺发恒能_2008.pdf,success
000632,ST三木,三木集团：2015年度社会责任报告,2016,C:\Users\13765\OneDrive\Desktop\研究生\数据要素\data\pdfs\000632_ST三木_2016.pdf,success
000633,合金投资,,,,no_esg_report
000635,英 力 特,英 力 特：2025年度可持续发展报告（ESG）报告,2026,C:\Users\13765\OneDrive\Desktop\研究生\数据要素\data\pdfs\000635_英力特_2026.pdf,success
000636,风华高科,风华高科：2025年ESG报告,2026,C:\Users\13765\OneDrive\Desktop\研究生\数据要素\data\pdfs\000636_风华高科_2026.pdf,success
000637,茂化实华,,,,no_esg_report
000638,*ST万方,*ST万方：中天国富证券有限公司关于万方城镇投资发展股份有限公司详式权益变动报告书之2025年度暨2026年一季度持续督导意见,2026,C:\Users\13765\OneDrive\Desktop\研究生\数据要素\data\pdfs\000638_ST万方_2026.pdf,success
000639,ST西王,西王食品：海通证券股份有限公司关于公司（原湖南金德发展股份有限公司）限售股份上市流通的核查报告,2014,C:\Users\13765\OneDrive\Desktop\研究生\数据要素\data\pdfs\000639_ST西王_2014.pdf,success
000650,仁和药业,仁和药业：拟收购仁和（集团）发展有限公司持有的江西制药有限责任公司41.5%股权项目资产评估报告,2011,C:\Users\13765\OneDrive\Desktop\研究生\数据要素\data\pdfs\000650_仁和药业_2011.pdf,success
000651,格力电器,格力电器：2025年度环境、社会及公司治理（ESG）报告,2026,C:\Users\13765\OneDrive\Desktop\研究生\数据要素\data\pdfs\000651_格力电器_2026.pdf,success
000652,泰达股份,泰达股份：天津泰达资源循环集团股份有限公司2025年ESG（环境、社会及治理）报告,2026,C:\Users\13765\OneDrive\Desktop\研究生\数据要素\data\pdfs\000652_泰达股份_2026.pdf,success
000655,金岭矿业,金岭矿业：2025年度环境、社会和公司治理（ESG）报告,2026,C:\Users\13765\OneDrive\Desktop\研究生\数据要素\data\pdfs\000655_金岭矿业_2026.pdf,success
000656,*ST金科,ST 东 源：广东晟典律师事务所关于《重庆东源产业发展股份有限公司收购报告书》的法律意见书,2011,C:\Users\13765\OneDrive\Desktop\研究生\数据要素\data\pdfs\000656_ST金科_2011.pdf,success
000657,中钨高新,中钨高新：2023年社会责任报告,2024,C:\Users\13765\OneDrive\Desktop\研究生\数据要素\data\pdfs\000657_中钨高新_2024.pdf,success
000659,珠海中富,,,,no_esg_report
000661,长春高新,长春高新：2025年度环境、社会和公司治理（ESG）报告,2026,C:\Users\13765\OneDrive\Desktop\研究生\数据要素\data\pdfs\000661_长春高新_2026.pdf,success
000663,永安林业,永安林业：2025年度环境、社会和公司治理（ESG）报告,2026,C:\Users\13765\OneDrive\Desktop\研究生\数据要素\data\pdfs\000663_永安林业_2026.pdf,success
000665,湖北广电,湖北广电：湖北文化产业发展投资有限公司净资产审计报告,2026,C:\Users\13765\OneDrive\Desktop\研究生\数据要素\data\pdfs\000665_湖北广电_2026.pdf,success
000668,*ST荣控,,,,no_esg_report
000669,ST金鸿,领先科技：上海浦东发展银行深圳分行持股变动报告书,2003,C:\Users\13765\OneDrive\Desktop\研究生\数据要素\data\pdfs\000669_ST金鸿_2003.pdf,success
000670,盈方微,*ST盈方：关于上海岱堃科技发展有限公司资产交割过渡期损益的专项审计报告,2020,C:\Users\13765\OneDrive\Desktop\研究生\数据要素\data\pdfs\000670_盈方微_2020.pdf,success
000672,上峰水泥,上峰水泥：2025年度环境、社会及公司治理（ESG）报告,2026,C:\Users\13765\OneDrive\Desktop\研究生\数据要素\data\pdfs\000672_上峰水泥_2026.pdf,success
000676,智度股份,思达高科：河南思达科技发展股份有限公司简式权益变动报告书,2009,C:\Users\13765\OneDrive\Desktop\研究生\数据要素\data\pdfs\000676_智度股份_2009.pdf,success
000677,ST海龙,,,,no_esg_report
000678,襄阳轴承,襄阳轴承：2025年度可持续发展报告,2026,C:\Users\13765\OneDrive\Desktop\研究生\数据要素\data\pdfs\000678_襄阳轴承_2026.pdf,success
000679,大连友谊,大连友谊：拟转让其持有的大连友谊购物广场发展有限公司股权项目资产评估报告,2016,C:\Users\13765\OneDrive\Desktop\研究生\数据要素\data\pdfs\000679_大连友谊_2016.pdf,success
000680,山推股份,山推股份：公司2025年环境、社会及公司治理(ESG)报告,2026,C:\Users\13765\OneDrive\Desktop\研究生\数据要素\data\pdfs\000680_山推股份_2026.pdf,success
000681,视觉中国,视觉中国：上海荣正企业咨询服务（集团）股份有限公司关于视觉（中国）文化发展股份有限公司注销2021年股票期权激励计划部分股票期权及第三个行权期未达成行权条件的股票期权事项之独立财务顾问报告,2024,C:\Users\13765\OneDrive\Desktop\研究生\数据要素\data\pdfs\000681_视觉中国_2024.pdf,success
000682,东方电子,东方电子：2025年度环境、社会和公司治理（ESG）报告,2026,C:\Users\13765\OneDrive\Desktop\研究生\数据要素\data\pdfs\000682_东方电子_2026.pdf,success
000683,博源化工,博源化工：2025年度社会责任报告,2026,C:\Users\13765\OneDrive\Desktop\研究生\数据要素\data\pdfs\000683_博源化工_2026.pdf,success
000685,中山公用,中山公用：中山公用2025年度社会价值暨ESG报告,2026,C:\Users\13765\OneDrive\Desktop\研究生\数据要素\data\pdfs\000685_中山公用_2026.pdf,success
000686,东北证券,东北证券：东北证券股份有限公司2025年度可持续发展报告,2026,C:\Users\13765\OneDrive\Desktop\研究生\数据要素\data\pdfs\000686_东北证券_2026.pdf,success
000688,国城矿业,国城矿业：2023年社会责任报告,2024,C:\Users\13765\OneDrive\Desktop\研究生\数据要素\data\pdfs\000688_国城矿业_2024.pdf,success
000690,宝新能源,宝新能源：公司2025年度社会责任报告,2026,C:\Users\13765\OneDrive\Desktop\研究生\数据要素\data\pdfs\000690_宝新能源_2026.pdf,success
000691,*ST亚太,*ST亚太：关于甘肃亚太实业发展股份有限公司非经营性资金占用及其他关联资金往来情况汇总表的专项审核报告,2026,C:\Users\13765\OneDrive\Desktop\研究生\数据要素\data\pdfs\000691_ST亚太_2026.pdf,success
000692,惠天热电,惠天热电：2024年度可持续发展报告,2025,C:\Users\13765\OneDrive\Desktop\研究生\数据要素\data\pdfs\000692_惠天热电_2025.pdf,success
000695,滨海能源,滨海能源：国都证券股份有限公司关于天津滨海能源发展股份有限公司重大资产出售暨关联交易之2024年度持续督导工作报告暨持续督导总结报告,2025,C:\Users\13765\OneDrive\Desktop\研究生\数据要素\data\pdfs\000695_滨海能源_2025.pdf,success
000697,炼石航空,*ST 偏转：咸阳偏转发展有限责任公司简式权益变动报告书,2009,C:\Users\13765\OneDrive\Desktop\研究生\数据要素\data\pdfs\000697_炼石航空_2009.pdf,success
000698,ST沈化,ST沈化：沈阳化工股份有限公司2025年度环境、社会和公司治理（ESG）报告,2026,C:\Users\13765\OneDrive\Desktop\研究生\数据要素\data\pdfs\000698_ST沈化_2026.pdf,success
000700,模塑科技,模塑科技：收购江阴模塑集团有限公司持有无锡鸿意地产发展有限公司49%股权项目评估报告,2014,C:\Users\13765\OneDrive\Desktop\研究生\数据要素\data\pdfs\000700_模塑科技_2014.pdf,success
000701,厦门信达,厦门信达：厦门信达股份有限公司2025年度可持续发展报告,2026,C:\Users\13765\OneDrive\Desktop\研究生\数据要素\data\pdfs\000701_厦门信达_2026.pdf,success
000702,正虹科技,正虹科技：中泰证券股份有限公司关于湖南正虹科技发展股份有限公司2024年度持续督导保荐工作报告,2025,C:\Users\13765\OneDrive\Desktop\研究生\数据要素\data\pdfs\000702_正虹科技_2025.pdf,success
000703,恒逸石化,恒逸石化：恒逸石化2025年环境、社会、治理（ESG）报告,2026,C:\Users\13765\OneDrive\Desktop\研究生\数据要素\data\pdfs\000703_恒逸石化_2026.pdf,success
000705,浙江震元,,,,no_esg_report
000707,双环科技,双环科技：2024年社会责任报告,2025,C:\Users\13765\OneDrive\Desktop\研究生\数据要素\data\pdfs\000707_双环科技_2025.pdf,success
000708,中信特钢,中信特钢：中信特钢2025可持续发展报告,2026,C:\Users\13765\OneDrive\Desktop\研究生\数据要素\data\pdfs\000708_中信特钢_2026.pdf,success
000709,河钢股份,河钢股份：2025环境、社会及治理（ESG）报告,2026,C:\Users\13765\OneDrive\Desktop\研究生\数据要素\data\pdfs\000709_河钢股份_2026.pdf,success
000710,贝瑞基因,,,,no_esg_report
000711,ST京蓝,天伦置业：深圳市禾海投资发展有限公司持股变动报告书,2004,C:\Users\13765\OneDrive\Desktop\研究生\数据要素\data\pdfs\000711_ST京蓝_2004.pdf,success
000712,锦龙股份,锦龙股份：2025年度社会责任报告,2026,C:\Users\13765\OneDrive\Desktop\研究生\数据要素\data\pdfs\000712_锦龙股份_2026.pdf,success
000713,国投丰乐,国投丰乐：2025年度环境、社会和公司治理（ESG）报告,2026,C:\Users\13765\OneDrive\Desktop\研究生\数据要素\data\pdfs\000713_国投丰乐_2026.pdf,success
000715,中兴商业,,,,no_esg_report
000716,黑芝麻,,,,no_esg_report
000717,中南股份,中南股份：2025年环境、社会和公司治理（ESG）报告,2026,C:\Users\13765\OneDrive\Desktop\研究生\数据要素\data\pdfs\000717_中南股份_2026.pdf,success
000718,苏宁环球,苏宁环球：2025年社会责任报告,2026,C:\Users\13765\OneDrive\Desktop\研究生\数据要素\data\pdfs\000718_苏宁环球_2026.pdf,success
000719,中原传媒,中原传媒：2025年度社会责任报告,2026,C:\Users\13765\OneDrive\Desktop\研究生\数据要素\data\pdfs\000719_中原传媒_2026.pdf,success
000720,新能泰山,新能泰山：2025年度环境、社会及治理（ESG）报告,2026,C:\Users\13765\OneDrive\Desktop\研究生\数据要素\data\pdfs\000720_新能泰山_2026.pdf,success
000721,西安饮食,西安饮食：西安旅游集团秦瑞旅游置业发展有限公司房产价值评估报告书,2007,C:\Users\13765\OneDrive\Desktop\研究生\数据要素\data\pdfs\000721_西安饮食_2007.pdf,success
000722,湖南发展,湖南发展：2026年一季度报告,2026,C:\Users\13765\OneDrive\Desktop\研究生\数据要素\data\pdfs\000722_湖南发展_2026.pdf,success
000723,美锦能源,美锦能源：2025年可持续发展报告,2026,C:\Users\13765\OneDrive\Desktop\研究生\数据要素\data\pdfs\000723_美锦能源_2026.pdf,success
000725,京东方Ａ,京东方Ａ：京东方(BOE）2025年可持续发展报告,2026,C:\Users\13765\OneDrive\Desktop\研究生\数据要素\data\pdfs\000725_京东方A_2026.pdf,success
000726,鲁  泰Ａ,鲁  泰Ａ：2025年度ESG报告,2026,C:\Users\13765\OneDrive\Desktop\研究生\数据要素\data\pdfs\000726_鲁泰A_2026.pdf,success
000727,冠捷科技,冠捷科技：2023年社会责任报告,2024,C:\Users\13765\OneDrive\Desktop\研究生\数据要素\data\pdfs\000727_冠捷科技_2024.pdf,success
000728,国元证券,国元证券：国元证券股份有限公司2025年度可持续发展报告,2026,C:\Users\13765\OneDrive\Desktop\研究生\数据要素\data\pdfs\000728_国元证券_2026.pdf,success
000729,燕京啤酒,燕京啤酒：2025年度可持续发展报告,2026,C:\Users\13765\OneDrive\Desktop\研究生\数据要素\data\pdfs\000729_燕京啤酒_2026.pdf,success
000731,四川美丰,四川美丰：2023年社会责任报告,2024,C:\Users\13765\OneDrive\Desktop\研究生\数据要素\data\pdfs\000731_四川美丰_2024.pdf,success
000733,振华科技,振华科技：2025年度环境、社会及公司治理（ESG）报告,2026,C:\Users\13765\OneDrive\Desktop\研究生\数据要素\data\pdfs\000733_振华科技_2026.pdf,success
000735,罗 牛 山,罗 牛 山：2025年度社会责任报告,2026,C:\Users\13765\OneDrive\Desktop\研究生\数据要素\data\pdfs\000735_罗牛山_2026.pdf,success
000736,*ST中地,中交地产：中交地产2024年度ESG报告,2025,C:\Users\13765\OneDrive\Desktop\研究生\数据要素\data\pdfs\000736_ST中地_2025.pdf,success
000737,北方铜业,,,,no_esg_report
000738,航发控制,航发控制：2025年度环境、社会及治理（ESG）报告,2026,C:\Users\13765\OneDrive\Desktop\研究生\数据要素\data\pdfs\000738_航发控制_2026.pdf,success
000739,普洛药业,普洛药业：普洛药业2025环境、社会和公司治理（ESG）报告,2026,C:\Users\13765\OneDrive\Desktop\研究生\数据要素\data\pdfs\000739_普洛药业_2026.pdf,success
000750,国海证券,国海证券：国海证券股份有限公司2025年度可持续发展报告,2026,C:\Users\13765\OneDrive\Desktop\研究生\数据要素\data\pdfs\000750_国海证券_2026.pdf,success
000751,锌业股份,,,,no_esg_report
000752,*ST西发,ST西发：太平洋证券股份有限公司关于西藏发展股份有限公司重大资产购买之独立财务顾问报告,2026,C:\Users\13765\OneDrive\Desktop\研究生\数据要素\data\pdfs\000752_ST西发_2026.pdf,success
000753,漳州发展,漳州发展：2026年一季度报告,2026,C:\Users\13765\OneDrive\Desktop\研究生\数据要素\data\pdfs\000753_漳州发展_2026.pdf,success
000755,山西高速,山西高速：2025年度环境、社会和公司治理（ESG）报告,2026,C:\Users\13765\OneDrive\Desktop\研究生\数据要素\data\pdfs\000755_山西高速_2026.pdf,success
000756,新华制药,新华制药：H股公告-2021年社会责任报告,2022,C:\Users\13765\OneDrive\Desktop\研究生\数据要素\data\pdfs\000756_新华制药_2022.pdf,success
000757,浩物股份,,,,no_esg_report
000758,中色股份,中色股份：2025年度社会责任暨ESG报告,2026,C:\Users\13765\OneDrive\Desktop\研究生\数据要素\data\pdfs\000758_中色股份_2026.pdf,success
000759,中百集团,武汉中百：武汉商联（集团）股份有限公司拟转让武汉汉鹏物流发展有限责任公司股东全部权益价值评估项目评估报告,2009,C:\Users\13765\OneDrive\Desktop\研究生\数据要素\data\pdfs\000759_中百集团_2009.pdf,success
000761,本钢板材,本钢板材：本钢板材股份有限公司2025年社会责任暨环境、社会及管治（ESG）报告,2026,C:\Users\13765\OneDrive\Desktop\研究生\数据要素\data\pdfs\000761_本钢板材_2026.pdf,success
000762,西藏矿业,西藏矿业：2025年社会责任暨ESG报告,2026,C:\Users\13765\OneDrive\Desktop\研究生\数据要素\data\pdfs\000762_西藏矿业_2026.pdf,success
000766,通化金马,,,,no_esg_report
000767,晋控电力,晋控电力：2024年度环境、社会及治理（ESG）报告,2025,C:\Users\13765\OneDrive\Desktop\研究生\数据要素\data\pdfs\000767_晋控电力_2025.pdf,success
000768,中航西飞,中航西飞：2025年度可持续发展报告,2026,C:\Users\13765\OneDrive\Desktop\研究生\数据要素\data\pdfs\000768_中航西飞_2026.pdf,success
000776,广发证券,广发证券：2025年度可持续发展暨环境、社会及管治（ESG）报告,2026,C:\Users\13765\OneDrive\Desktop\研究生\数据要素\data\pdfs\000776_广发证券_2026.pdf,success
000777,中核科技,中核科技：2025年度ESG报告暨社会责任报告,2026,C:\Users\13765\OneDrive\Desktop\研究生\数据要素\data\pdfs\000777_中核科技_2026.pdf,success
000778,新兴铸管,新兴铸管：2025年度环境、社会及公司治理（ESG）报告,2026,C:\Users\13765\OneDrive\Desktop\研究生\数据要素\data\pdfs\000778_新兴铸管_2026.pdf,success
000779,甘咨询,甘咨询：甘肃工程咨询集团股份有限公司2025年环境、社会及公司治理（ESG）报告,2026,C:\Users\13765\OneDrive\Desktop\研究生\数据要素\data\pdfs\000779_甘咨询_2026.pdf,success
000782,恒申新材,美达股份：广州市天秀经济发展有限公司持股变动报告书,2003,C:\Users\13765\OneDrive\Desktop\研究生\数据要素\data\pdfs\000782_恒申新材_2003.pdf,success
000783,长江证券,长江证券：长江证券股份有限公司2025年度可持续发展报告,2026,C:\Users\13765\OneDrive\Desktop\研究生\数据要素\data\pdfs\000783_长江证券_2026.pdf,success
000785,居然智家,,,,no_esg_report
000786,北新建材,北新建材：2025年度可持续发展报告,2026,C:\Users\13765\OneDrive\Desktop\研究生\数据要素\data\pdfs\000786_北新建材_2026.pdf,success
000788,北大医药,,,,no_esg_report
000789,万年青,,,,no_esg_report
000790,华神科技,,,,no_esg_report
000791,甘肃能源,甘肃能源：中信建投证券股份有限公司关于甘肃电投能源发展股份有限公司发行股份及支付现金购买资产并募集配套资金暨关联交易之2025年度持续督导意见暨持续督导总结报告,2026,C:\Users\13765\OneDrive\Desktop\研究生\数据要素\data\pdfs\000791_甘肃能源_2026.pdf,success
000792,盐湖股份,盐湖股份：青海盐湖工业股份有限公司2025年度ESG报告,2026,C:\Users\13765\OneDrive\Desktop\研究生\数据要素\data\pdfs\000792_盐湖股份_2026.pdf,success
000793,*ST华闻,华闻集团：2023年社会责任报告,2024,C:\Users\13765\OneDrive\Desktop\研究生\数据要素\data\pdfs\000793_ST华闻_2024.pdf,success
000795,英洛华,英洛华：2025年度可持续发展报告,2026,C:\Users\13765\OneDrive\Desktop\研究生\数据要素\data\pdfs\000795_英洛华_2026.pdf,success
000796,凯撒旅业,凯撒旅业：2025年度可持续发展报告,2026,C:\Users\13765\OneDrive\Desktop\研究生\数据要素\data\pdfs\000796_凯撒旅业_2026.pdf,success
000797,中国武夷,中国武夷：2025年度社会责任报告,2026,C:\Users\13765\OneDrive\Desktop\研究生\数据要素\data\pdfs\000797_中国武夷_2026.pdf,success
000798,中水渔业,中水渔业：2025年度ESG报告,2026,C:\Users\13765\OneDrive\Desktop\研究生\数据要素\data\pdfs\000798_中水渔业_2026.pdf,success
000799,酒鬼酒,酒鬼酒：2025年度ESG报告,2026,C:\Users\13765\OneDrive\Desktop\研究生\数据要素\data\pdfs\000799_酒鬼酒_2026.pdf,success
000800,一汽解放,一汽解放：2025环境、社会和治理（ESG）报告,2026,C:\Users\13765\OneDrive\Desktop\研究生\数据要素\data\pdfs\000800_一汽解放_2026.pdf,success
000801,四川九洲,四川九洲：四川九洲电器股份有限公司2025年度环境、社会及治理（ESG）报告,2026,C:\Users\13765\OneDrive\Desktop\研究生\数据要素\data\pdfs\000801_四川九洲_2026.pdf,success
000802,北京文化,北京文化：2025年度社会责任报告,2026,C:\Users\13765\OneDrive\Desktop\研究生\数据要素\data\pdfs\000802_北京文化_2026.pdf,success
000803,山高环能,山高环能：2025年可持续发展报告,2026,C:\Users\13765\OneDrive\Desktop\研究生\数据要素\data\pdfs\000803_山高环能_2026.pdf,success
000807,云铝股份,云铝股份：云南铝业股份有限公司2025年度环境、社会及管治（ESG）报告,2026,C:\Users\13765\OneDrive\Desktop\研究生\数据要素\data\pdfs\000807_云铝股份_2026.pdf,success
000809,和展能源,*ST 一纺：新世界发展（中国）有限公司持股变动报告书,2003,C:\Users\13765\OneDrive\Desktop\研究生\数据要素\data\pdfs\000809_和展能源_2003.pdf,success
000810,创维数字,创维数字：2025年环境、社会及治理（ESG）报告,2026,C:\Users\13765\OneDrive\Desktop\研究生\数据要素\data\pdfs\000810_创维数字_2026.pdf,success
000811,冰轮环境,冰轮环境：冰轮环境2025年环境、社会和公司治理（ESG）报告,2026,C:\Users\13765\OneDrive\Desktop\研究生\数据要素\data\pdfs\000811_冰轮环境_2026.pdf,success
000812,陕西金叶,陕西金叶：董事会关于万裕（集团）发展有限公司收购事宜致全体股东的报告书,2006,C:\Users\13765\OneDrive\Desktop\研究生\数据要素\data\pdfs\000812_陕西金叶_2006.pdf,success
000813,德展健康,,,,no_esg_report
000815,美利云,美利云：2024年社会责任报告,2025,C:\Users\13765\OneDrive\Desktop\研究生\数据要素\data\pdfs\000815_美利云_2025.pdf,success
000816,智慧农业,,,,no_esg_report
000818,航锦科技,,,,no_esg_report
000819,岳阳兴长,岳阳兴长：2025年度可持续发展报告,2026,C:\Users\13765\OneDrive\Desktop\研究生\数据要素\data\pdfs\000819_岳阳兴长_2026.pdf,success
000820,*ST节能,,,,no_esg_report
000821,ST京机,,,,no_esg_report
000822,山东海化,山东海化：山东海化股份有限公司2025年ESG报告,2026,C:\Users\13765\OneDrive\Desktop\研究生\数据要素\data\pdfs\000822_山东海化_2026.pdf,success
000823,超声电子,,,,no_esg_report
000825,太钢不锈,太钢不锈：太钢不锈2025可持续发展（ESG）报告,2026,C:\Users\13765\OneDrive\Desktop\研究生\数据要素\data\pdfs\000825_太钢不锈_2026.pdf,success
000826,*ST启环,*ST启环：中德证券有限责任公司关于启迪环境科技发展股份有限公司公司股票交易被实施退市风险警示及其他风险警示暨停牌的临时受托管理事务报告,2026,C:\Users\13765\OneDrive\Desktop\研究生\数据要素\data\pdfs\000826_ST启环_2026.pdf,success
000828,东莞控股,东莞控股：广发证券股份有限公司关于东莞发展控股股份有限公司对控股子公司减资暨重大资产重组之2025年度持续督导意见暨持续督导总结报告,2026,C:\Users\13765\OneDrive\Desktop\研究生\数据要素\data\pdfs\000828_东莞控股_2026.pdf,success
000829,天音控股,天音控股：北京天联华建通信科技发展有限公司2019年1-9月审计报告,2019,C:\Users\13765\OneDrive\Desktop\研究生\数据要素\data\pdfs\000829_天音控股_2019.pdf,success
000830,鲁西化工,鲁西化工：2023年社会责任报告,2024,C:\Users\13765\OneDrive\Desktop\研究生\数据要素\data\pdfs\000830_鲁西化工_2024.pdf,success
000831,中国稀土,中国稀土：2023年度环境、社会和治理（ESG）报告,2024,C:\Users\13765\OneDrive\Desktop\研究生\数据要素\data\pdfs\000831_中国稀土_2024.pdf,success
000833,粤桂股份,粤桂股份：粤桂股份2025年可持续发展报告,2026,C:\Users\13765\OneDrive\Desktop\研究生\数据要素\data\pdfs\000833_粤桂股份_2026.pdf,success
000837,秦川机床,秦川发展：2014年第三季度报告正文（已取消）,2014,C:\Users\13765\OneDrive\Desktop\研究生\数据要素\data\pdfs\000837_秦川机床_2014.pdf,success
000838,*ST发展,*ST发展：2026年一季度报告,2026,C:\Users\13765\OneDrive\Desktop\研究生\数据要素\data\pdfs\000838_ST发展_2026.pdf,success
000839,国安股份,中信国安：2024年中信国安环境、社会及公司治理（ESG）报告,2025,C:\Users\13765\OneDrive\Desktop\研究生\数据要素\data\pdfs\000839_国安股份_2025.pdf,success
000848,承德露露,承德露露：社会责任报告,2007,C:\Users\13765\OneDrive\Desktop\研究生\数据要素\data\pdfs\000848_承德露露_2007.pdf,success
000850,华茂股份,,,,no_esg_report
000852,石化机械,石化机械：石化机械2025年环境、社会和公司治理（ESG）报告,2026,C:\Users\13765\OneDrive\Desktop\研究生\数据要素\data\pdfs\000852_石化机械_2026.pdf,success
000856,冀东装备,冀东装备：2025年可持续发展报告,2026,C:\Users\13765\OneDrive\Desktop\研究生\数据要素\data\pdfs\000856_冀东装备_2026.pdf,success
000858,五 粮 液,五 粮 液：2025年度环境、社会及公司治理（ESG）报告,2026,C:\Users\13765\OneDrive\Desktop\研究生\数据要素\data\pdfs\000858_五粮液_2026.pdf,success
000859,国风新材,,,,no_esg_report
000860,顺鑫农业,顺鑫农业：2023年社会责任报告,2024,C:\Users\13765\OneDrive\Desktop\研究生\数据要素\data\pdfs\000860_顺鑫农业_2024.pdf,success
000862,银星能源,银星能源：宁夏银星能源股份有限公司2025年度可持续发展报告,2026,C:\Users\13765\OneDrive\Desktop\研究生\数据要素\data\pdfs\000862_银星能源_2026.pdf,success
000863,三湘印象,三湘股份：观印象艺术发展有限公司审计报告,2016,C:\Users\13765\OneDrive\Desktop\研究生\数据要素\data\pdfs\000863_三湘印象_2016.pdf,success
000868,安凯客车,,,,no_esg_report
000869,张  裕Ａ,张  裕Ａ：2025年度社会责任报告,2026,C:\Users\13765\OneDrive\Desktop\研究生\数据要素\data\pdfs\000869_张裕A_2026.pdf,success
000875,电投绿能,电投绿能：2025年度社会、环境和公司治理（ESG）报告,2026,C:\Users\13765\OneDrive\Desktop\研究生\数据要素\data\pdfs\000875_电投绿能_2026.pdf,success
000876,新 希 望,新 希 望：2025年可持续发展报告,2026,C:\Users\13765\OneDrive\Desktop\研究生\数据要素\data\pdfs\000876_新希望_2026.pdf,success
000877,天山股份,天山股份：2024年社会责任报告,2025,C:\Users\13765\OneDrive\Desktop\研究生\数据要素\data\pdfs\000877_天山股份_2025.pdf,success
000878,云南铜业,云南铜业：2024年环境、社会及公司治理（ESG）报告,2025,C:\Users\13765\OneDrive\Desktop\研究生\数据要素\data\pdfs\000878_云南铜业_2025.pdf,success
000880,潍柴重机,潍柴重机：潍柴重机股份有限公司2025年度可持续发展报告,2026,C:\Users\13765\OneDrive\Desktop\研究生\数据要素\data\pdfs\000880_潍柴重机_2026.pdf,success
000881,中广核技,中广核技：2025年度环境、社会和公司治理（ESG）报告,2026,C:\Users\13765\OneDrive\Desktop\研究生\数据要素\data\pdfs\000881_中广核技_2026.pdf,success
000882,华联股份,华联股份：陕西华联置业发展有限公司股权转让项目资产评估报告,2006,C:\Users\13765\OneDrive\Desktop\研究生\数据要素\data\pdfs\000882_华联股份_2006.pdf,success
000883,湖北能源,湖北能源：湖北能源集团股份有限公司2025环境、社会及治理（ESG）报告,2026,C:\Users\13765\OneDrive\Desktop\研究生\数据要素\data\pdfs\000883_湖北能源_2026.pdf,success
000885,城发环境,城发环境：2025年度环境、社会及治理(ESG)报告,2026,C:\Users\13765\OneDrive\Desktop\研究生\数据要素\data\pdfs\000885_城发环境_2026.pdf,success
000886,海南高速,海南高速：海南高速公路股份有限公司2025年环境、社会和公司治理（ESG）报告,2026,C:\Users\13765\OneDrive\Desktop\研究生\数据要素\data\pdfs\000886_海南高速_2026.pdf,success
000887,中鼎股份,中鼎股份：2025年度可持续发展报告,2026,C:\Users\13765\OneDrive\Desktop\研究生\数据要素\data\pdfs\000887_中鼎股份_2026.pdf,success
000888,峨眉山Ａ,峨眉山Ａ：2025年度环境、社会与治理（ESG）报告,2026,C:\Users\13765\OneDrive\Desktop\研究生\数据要素\data\pdfs\000888_峨眉山A_2026.pdf,success
000889,中嘉博创,,,,no_esg_report
000890,法尔胜,,,,no_esg_report
000892,欢瑞世纪,欢瑞世纪：2025年度社会责任报告,2026,C:\Users\13765\OneDrive\Desktop\研究生\数据要素\data\pdfs\000892_欢瑞世纪_2026.pdf,success
000893,亚钾国际,,,,no_esg_report
000895,双汇发展,双汇发展：2026年一季度报告,2026,C:\Users\13765\OneDrive\Desktop\研究生\数据要素\data\pdfs\000895_双汇发展_2026.pdf,success
000897,津滨发展,津滨发展：津滨发展营业收入扣除情况专项审计报告,2026,C:\Users\13765\OneDrive\Desktop\研究生\数据要素\data\pdfs\000897_津滨发展_2026.pdf,success
000898,鞍钢股份,鞍钢股份：鞍钢股份2025年社会责任报告暨环境、社会及管治报告,2026,C:\Users\13765\OneDrive\Desktop\研究生\数据要素\data\pdfs\000898_鞍钢股份_2026.pdf,success
000899,赣能股份,赣能股份：2025年度可持续发展报告,2026,C:\Users\13765\OneDrive\Desktop\研究生\数据要素\data\pdfs\000899_赣能股份_2026.pdf,success
000900,现代投资,现代投资：公司2025年度可持续发展报告,2026,C:\Users\13765\OneDrive\Desktop\研究生\数据要素\data\pdfs\000900_现代投资_2026.pdf,success
000901,航天科技,航天科技：2025年度环境、社会和公司治理（ESG）报告,2026,C:\Users\13765\OneDrive\Desktop\研究生\数据要素\data\pdfs\000901_航天科技_2026.pdf,success
000902,新洋丰,新洋丰：2025年社会责任报告,2026,C:\Users\13765\OneDrive\Desktop\研究生\数据要素\data\pdfs\000902_新洋丰_2026.pdf,success
000903,ST云动,云内动力：2017年社会责任报告,2018,C:\Users\13765\OneDrive\Desktop\研究生\数据要素\data\pdfs\000903_ST云动_2018.pdf,success
000905,厦门港务,厦门港务：厦门港务发展股份有限公司2025年度环境、社会和公司治理报告,2026,C:\Users\13765\OneDrive\Desktop\研究生\数据要素\data\pdfs\000905_厦门港务_2026.pdf,success
000906,浙商中拓,浙商中拓：2025年度环境、社会和公司治理（ESG）报告,2026,C:\Users\13765\OneDrive\Desktop\研究生\数据要素\data\pdfs\000906_浙商中拓_2026.pdf,success
000908,ST景峰,,,,no_esg_report
000909,*ST数源,,,,no_esg_report
000910,大亚圣象,,,,no_esg_report
000911,*ST广糖,广农糖业：广西农投糖业集团股份有限公司2025年度社会、环境及公司治理（ESG）报告,2026,C:\Users\13765\OneDrive\Desktop\研究生\数据要素\data\pdfs\000911_ST广糖_2026.pdf,success
000912,泸天化,泸天化：泸天化 2025年环境、社会和治理（ESG）报告,2026,C:\Users\13765\OneDrive\Desktop\研究生\数据要素\data\pdfs\000912_泸天化_2026.pdf,success
000913,钱江摩托,钱江摩托：钱江摩托2025年度ESG报告,2026,C:\Users\13765\OneDrive\Desktop\研究生\数据要素\data\pdfs\000913_钱江摩托_2026.pdf,success
000915,华特达因,华特达因：华特达因ESG报告2025年度,2026,C:\Users\13765\OneDrive\Desktop\研究生\数据要素\data\pdfs\000915_华特达因_2026.pdf,success
000917,电广传媒,电广传媒：2025年度ESG暨社会责任报告,2026,C:\Users\13765\OneDrive\Desktop\研究生\数据要素\data\pdfs\000917_电广传媒_2026.pdf,success
000919,金陵药业,金陵药业：金陵药业股份有限公司2025年度可持续发展报告,2026,C:\Users\13765\OneDrive\Desktop\研究生\数据要素\data\pdfs\000919_金陵药业_2026.pdf,success
000920,沃顿科技,沃顿科技：2025年度环境、社会及公司治理(ESG)报告,2026,C:\Users\13765\OneDrive\Desktop\研究生\数据要素\data\pdfs\000920_沃顿科技_2026.pdf,success
000921,海信家电,科龙电器：广东格林柯尔企业发展有限公司持股变动报告书,2004,C:\Users\13765\OneDrive\Desktop\研究生\数据要素\data\pdfs\000921_海信家电_2004.pdf,success
000922,佳电股份,佳电股份：佳电股份ESG报告鉴证声明-中文,2026,C:\Users\13765\OneDrive\Desktop\研究生\数据要素\data\pdfs\000922_佳电股份_2026.pdf,success
000923,河钢资源,河钢资源：2025河钢资源股份有限公司环境、社会及治理(ESG)报告,2026,C:\Users\13765\OneDrive\Desktop\研究生\数据要素\data\pdfs\000923_河钢资源_2026.pdf,success
000925,众合科技,众合科技：众合科技2023年环境、社会和治理(ESG)报告设计稿0426,2024,C:\Users\13765\OneDrive\Desktop\研究生\数据要素\data\pdfs\000925_众合科技_2024.pdf,success
000926,福星股份,,,,no_esg_report
000927,中国铁物,中国铁物：2024年社会责任报告,2025,C:\Users\13765\OneDrive\Desktop\研究生\数据要素\data\pdfs\000927_中国铁物_2025.pdf,success
000928,中钢国际,中钢国际：中钢国际2025年可持续发展报告,2026,C:\Users\13765\OneDrive\Desktop\研究生\数据要素\data\pdfs\000928_中钢国际_2026.pdf,success
000929,*ST兰黄,,,,no_esg_report
000930,中粮科技,中粮科技：公司2025年度ESG报告,2026,C:\Users\13765\OneDrive\Desktop\研究生\数据要素\data\pdfs\000930_中粮科技_2026.pdf,success
000931,中 关 村,中 关 村：兴业证券股份有限公司关于北京中关村科技发展（控股）股份有限公司2022年度募集资金存放与使用情况专项核查报告,2023,C:\Users\13765\OneDrive\Desktop\研究生\数据要素\data\pdfs\000931_中关村_2023.pdf,success
000932,华菱钢铁,华菱钢铁：华菱钢铁2025年可持续发展报告,2026,C:\Users\13765\OneDrive\Desktop\研究生\数据要素\data\pdfs\000932_华菱钢铁_2026.pdf,success
000933,神火股份,神火股份：河南神火煤电股份有限公司2025年度社会责任报告,2026,C:\Users\13765\OneDrive\Desktop\研究生\数据要素\data\pdfs\000933_神火股份_2026.pdf,success
000935,四川双马,,,,no_esg_report
000936,华西股份,,,,no_esg_report
000937,冀中能源,冀中能源：2025年度可持续发展报告,2026,C:\Users\13765\OneDrive\Desktop\研究生\数据要素\data\pdfs\000937_冀中能源_2026.pdf,success
000938,紫光股份,紫光股份：2025年度环境、社会与公司治理（ESG）报告,2026,C:\Users\13765\OneDrive\Desktop\研究生\数据要素\data\pdfs\000938_紫光股份_2026.pdf,success
000948,南天信息,南天信息：2025年度社会责任报告,2026,C:\Users\13765\OneDrive\Desktop\研究生\数据要素\data\pdfs\000948_南天信息_2026.pdf,success
000949,新乡化纤,新乡化纤：天津神封科技发展有限公司拟对外出资事宜涉及的该公司房屋建筑物、构筑物及土地使用权项目资产评估报告,2017,C:\Users\13765\OneDrive\Desktop\研究生\数据要素\data\pdfs\000949_新乡化纤_2017.pdf,success
000950,重药控股,重药控股：2025年度可持续发展报告,2026,C:\Users\13765\OneDrive\Desktop\研究生\数据要素\data\pdfs\000950_重药控股_2026.pdf,success
000951,中国重汽,中国重汽：公司2025年度环境、社会与公司治理（ESG）报告,2026,C:\Users\13765\OneDrive\Desktop\研究生\数据要素\data\pdfs\000951_中国重汽_2026.pdf,success
000952,广济药业,广济药业：2025年环境、社会和公司治理(ESG)报告,2026,C:\Users\13765\OneDrive\Desktop\研究生\数据要素\data\pdfs\000952_广济药业_2026.pdf,success
000953,河化股份,,,,no_esg_report
000955,欣龙控股,,,,no_esg_report
000957,中通客车,中通客车：2025年可持续发展报告,2026,C:\Users\13765\OneDrive\Desktop\研究生\数据要素\data\pdfs\000957_中通客车_2026.pdf,success
000958,电投产融,电投产融：2025年度环境、社会及治理(ESG)报告,2026,C:\Users\13765\OneDrive\Desktop\研究生\数据要素\data\pdfs\000958_电投产融_2026.pdf,success
000959,首钢股份,首钢股份：北京首钢股份有限公司2025年度可持续发展报告,2026,C:\Users\13765\OneDrive\Desktop\研究生\数据要素\data\pdfs\000959_首钢股份_2026.pdf,success
000960,锡业股份,锡业股份：云南锡业股份有限公司2025年度可持续发展报告-中文版,2026,C:\Users\13765\OneDrive\Desktop\研究生\数据要素\data\pdfs\000960_锡业股份_2026.pdf,success
000962,东方钽业,东方钽业：宁夏东方钽业股份有限公司2025年环境、社会及治理（ESG）报告,2026,C:\Users\13765\OneDrive\Desktop\研究生\数据要素\data\pdfs\000962_东方钽业_2026.pdf,success
000963,华东医药,华东医药：2025年度环境、社会和治理（ESG）报告,2026,C:\Users\13765\OneDrive\Desktop\研究生\数据要素\data\pdfs\000963_华东医药_2026.pdf,success
000965,天保基建,天保基建：天津天保房地产开发有限公司资产收购项目所涉及的天津爱国者产业园建设发展有限公司在建工程价值资产评估报告,2013,C:\Users\13765\OneDrive\Desktop\研究生\数据要素\data\pdfs\000965_天保基建_2013.pdf,success
000966,长源电力,长源电力：国家能源集团长源电力股份有限公司2025年环境、社会及治理（ESG）报告,2026,C:\Users\13765\OneDrive\Desktop\研究生\数据要素\data\pdfs\000966_长源电力_2026.pdf,success
000967,盈峰环境,盈峰环境：2025年度可持续发展报告,2026,C:\Users\13765\OneDrive\Desktop\研究生\数据要素\data\pdfs\000967_盈峰环境_2026.pdf,success
000968,蓝焰控股,蓝焰控股：2025年环境、社会和公司治理（ESG）报告,2026,C:\Users\13765\OneDrive\Desktop\研究生\数据要素\data\pdfs\000968_蓝焰控股_2026.pdf,success
000969,安泰科技,安泰科技：安泰科技2025年度环境、社会及治理（ESG）报告,2026,C:\Users\13765\OneDrive\Desktop\研究生\数据要素\data\pdfs\000969_安泰科技_2026.pdf,success
000970,中科三环,中科三环：2024年社会责任报告,2025,C:\Users\13765\OneDrive\Desktop\研究生\数据要素\data\pdfs\000970_中科三环_2025.pdf,success
000972,*ST中基,*ST中基：中基健康产业股份有限公司2025年度社会责任报告或可持续发展报告,2026,C:\Users\13765\OneDrive\Desktop\研究生\数据要素\data\pdfs\000972_ST中基_2026.pdf,success
000973,佛塑科技,佛塑科技：佛塑科技2024年度ESG报告,2025,C:\Users\13765\OneDrive\Desktop\研究生\数据要素\data\pdfs\000973_佛塑科技_2025.pdf,success
000975,山金国际,山金国际：2025年可持续发展报告,2026,C:\Users\13765\OneDrive\Desktop\研究生\数据要素\data\pdfs\000975_山金国际_2026.pdf,success
000977,浪潮信息,浪潮信息：浪潮信息2025年度可持续发展报告,2026,C:\Users\13765\OneDrive\Desktop\研究生\数据要素\data\pdfs\000977_浪潮信息_2026.pdf,success
000978,桂林旅游,桂林旅游：桂林罗山湖旅游发展有限公司拟核实资产价值涉及的桂林罗山湖旅游发展有限公司部分资产价值资产评估报告,2018,C:\Users\13765\OneDrive\Desktop\研究生\数据要素\data\pdfs\000978_桂林旅游_2018.pdf,success
000980,众泰汽车,,,,no_esg_report
000981,山子高科,银亿股份：2017年度社会责任报告,2018,C:\Users\13765\OneDrive\Desktop\研究生\数据要素\data\pdfs\000981_山子高科_2018.pdf,success
000983,山西焦煤,山西焦煤：2025年度可持续发展报告,2026,C:\Users\13765\OneDrive\Desktop\研究生\数据要素\data\pdfs\000983_山西焦煤_2026.pdf,success
000985,大庆华科,大庆华科：大庆华科股份有限公司2024年度环境、社会及公司治理（ESG）报告,2025,C:\Users\13765\OneDrive\Desktop\研究生\数据要素\data\pdfs\000985_大庆华科_2025.pdf,success
000987,越秀资本,越秀资本：2025年度可持续发展报告,2026,C:\Users\13765\OneDrive\Desktop\研究生\数据要素\data\pdfs\000987_越秀资本_2026.pdf,success
000988,华工科技,华工科技：2025年度环境、社会和治理ESG报告（中文）,2026,C:\Users\13765\OneDrive\Desktop\研究生\数据要素\data\pdfs\000988_华工科技_2026.pdf,success
000989,九芝堂,九 芝 堂：2023年社会责任报告,2024,C:\Users\13765\OneDrive\Desktop\研究生\数据要素\data\pdfs\000989_九芝堂_2024.pdf,success
000990,诚志股份,诚志股份：简式权益变动报告书-四川能源发展集团,2025,C:\Users\13765\OneDrive\Desktop\研究生\数据要素\data\pdfs\000990_诚志股份_2025.pdf,success
000993,闽东电力,闽东电力：2025年度社会责任报告,2026,C:\Users\13765\OneDrive\Desktop\研究生\数据要素\data\pdfs\000993_闽东电力_2026.pdf,success
000995,皇台酒业,,,,no_esg_report
000997,新 大 陆,新 大 陆：新大陆2025年度环境、社会和公司治理（ESG）报告,2026,C:\Users\13765\OneDrive\Desktop\研究生\数据要素\data\pdfs\000997_新大陆_2026.pdf,success
000998,隆平高科,隆平高科：2025年环境、社会及治理（ESG）报告,2026,C:\Users\13765\OneDrive\Desktop\研究生\数据要素\data\pdfs\000998_隆平高科_2026.pdf,success
000999,华润三九,华润三九：2025年可持续发展暨ESG报告,2026,C:\Users\13765\OneDrive\Desktop\研究生\数据要素\data\pdfs\000999_华润三九_2026.pdf,success
001201,东瑞股份,东瑞股份：2025年度社会责任报告,2026,C:\Users\13765\OneDrive\Desktop\研究生\数据要素\data\pdfs\001201_东瑞股份_2026.pdf,success
001202,炬申股份,,,,no_esg_report
001203,大中矿业,大中矿业：2025年度环境、社会和公司治理（ESG）报告,2026,C:\Users\13765\OneDrive\Desktop\研究生\数据要素\data\pdfs\001203_大中矿业_2026.pdf,success
001205,盛航股份,盛航股份：南京盛航海运股份有限公司2025年度环境、社会和公司治理（ESG）报告（中文版）,2026,C:\Users\13765\OneDrive\Desktop\研究生\数据要素\data\pdfs\001205_盛航股份_2026.pdf,success
001206,依依股份,,,,no_esg_report
001207,联科科技,,,,no_esg_report
001208,华菱线缆,华菱线缆：湖南华菱线缆股份有限公司2025年度环境、社会及公司治理（ESG）报告（中文版）,2026,C:\Users\13765\OneDrive\Desktop\研究生\数据要素\data\pdfs\001208_华菱线缆_2026.pdf,success
001209,洪兴股份,,,,no_esg_report
001210,金房能源,金房能源：2025金房能源环境、社会和公司治理（ESG）报告,2026,C:\Users\13765\OneDrive\Desktop\研究生\数据要素\data\pdfs\001210_金房能源_2026.pdf,success
001211,双枪科技,,,,no_esg_report
001212,中旗新材,,,,no_esg_report
001213,中铁特货,,,,no_esg_report
001215,千味央厨,千味央厨：2025年度可持续发展报告,2026,C:\Users\13765\OneDrive\Desktop\研究生\数据要素\data\pdfs\001215_千味央厨_2026.pdf,success
001216,华瓷股份,华瓷股份：2024年社会责任报告,2025,C:\Users\13765\OneDrive\Desktop\研究生\数据要素\data\pdfs\001216_华瓷股份_2025.pdf,success
001217,华尔泰,,,,no_esg_report
001218,丽臣实业,,,,no_esg_report
001219,青岛食品,青岛食品：2024年度环境、社会和公司治理（ESG）报告,2025,C:\Users\13765\OneDrive\Desktop\研究生\数据要素\data\pdfs\001219_青岛食品_2025.pdf,success
001220,世盟股份,,,,no_esg_report
001221,悍高集团,悍高集团：悍高集团股份有限公司2025年度可持续发展报告,2026,C:\Users\13765\OneDrive\Desktop\研究生\数据要素\data\pdfs\001221_悍高集团_2026.pdf,success
001222,源飞宠物,源飞宠物：2025年度环境、社会和公司治理（ESG）报告,2026,C:\Users\13765\OneDrive\Desktop\研究生\数据要素\data\pdfs\001222_源飞宠物_2026.pdf,success
001223,欧克科技,,,,no_esg_report
001225,和泰机电,,,,no_esg_report
001226,拓山重工,,,,no_esg_report
001227,兰州银行,兰州银行：兰州银行股份有限公司2025年度可持续发展报告,2026,C:\Users\13765\OneDrive\Desktop\研究生\数据要素\data\pdfs\001227_兰州银行_2026.pdf,success
001228,永泰运,永泰运：2025年度社会责任报告,2026,C:\Users\13765\OneDrive\Desktop\研究生\数据要素\data\pdfs\001228_永泰运_2026.pdf,success
001229,魅视科技,,,,no_esg_report
001230,劲旅环境,劲旅环境：2025年度可持续发展报告,2026,C:\Users\13765\OneDrive\Desktop\研究生\数据要素\data\pdfs\001230_劲旅环境_2026.pdf,success
001231,农心科技,,,,no_esg_report
001233,海安集团,,,,no_esg_report
001234,泰慕士,泰慕士：2025年环境、社会和治理（ESG）报告,2026,C:\Users\13765\OneDrive\Desktop\研究生\数据要素\data\pdfs\001234_泰慕士_2026.pdf,success
001236,弘业期货,弘业期货：2025年度环境、社会和公司治理（ESG）报告,2026,C:\Users\13765\OneDrive\Desktop\研究生\数据要素\data\pdfs\001236_弘业期货_2026.pdf,success
001238,浙江正特,浙江正特：2025年度可持续发展报告,2026,C:\Users\13765\OneDrive\Desktop\研究生\数据要素\data\pdfs\001238_浙江正特_2026.pdf,success
001239,永达股份,,,,no_esg_report
001255,博菲电气,,,,no_esg_report
001256,炜冈科技,,,,no_esg_report
001257,盛龙股份,,,,no_esg_report
001258,立新能源,立新能源：新疆立新能源股份有限公司2025年度环境、社会和公司治理（ESG）报告,2026,C:\Users\13765\OneDrive\Desktop\研究生\数据要素\data\pdfs\001258_立新能源_2026.pdf,success
001259,利仁科技,,,,no_esg_report
001260,坤泰股份,,,,no_esg_report
001266,宏英智能,,,,no_esg_report
001267,汇绿生态,,,,no_esg_report
001268,联合精密,,,,no_esg_report
001269,欧晶科技,,,,no_esg_report
001270,*ST铖昌,,,,no_esg_report
001277,速达股份,,,,no_esg_report
001278,一彬科技,,,,no_esg_report
001279,强邦新材,,,,no_esg_report
001280,中国铀业,,,,no_esg_report
001282,三联锻造,,,,no_esg_report
001283,豪鹏科技,豪鹏科技：2025年度环境、社会及公司治理（ESG）报告（中文版）,2026,C:\Users\13765\OneDrive\Desktop\研究生\数据要素\data\pdfs\001283_豪鹏科技_2026.pdf,success
001285,瑞立科密,,,,no_esg_report
001286,陕西能源,,,,no_esg_report
001287,中电港,中电港：2025年度环境、社会及治理（ESG）报告,2026,C:\Users\13765\OneDrive\Desktop\研究生\数据要素\data\pdfs\001287_中电港_2026.pdf,success
001288,运机集团,,,,no_esg_report
001289,龙源电力,龙源电力：龙源电力2025年度可持续发展报告,2026,C:\Users\13765\OneDrive\Desktop\研究生\数据要素\data\pdfs\001289_龙源电力_2026.pdf,success
001296,长江材料,,,,no_esg_report
001298,好上好,,,,no_esg_report
001299,美能能源,美能能源：2025年度社会责任报告,2026,C:\Users\13765\OneDrive\Desktop\研究生\数据要素\data\pdfs\001299_美能能源_2026.pdf,success
001300,三柏硕,,,,no_esg_report
001301,尚太科技,尚太科技：2025年可持续发展报告,2026,C:\Users\13765\OneDrive\Desktop\研究生\数据要素\data\pdfs\001301_尚太科技_2026.pdf,success
001306,夏厦精密,,,,no_esg_report
001308,康冠科技,康冠科技：2025年度可持续发展暨环境、社会及管治（ESG）报告（中文版）,2026,C:\Users\13765\OneDrive\Desktop\研究生\数据要素\data\pdfs\001308_康冠科技_2026.pdf,success
001309,德明利,,,,no_esg_report
001311,多利科技,,,,no_esg_report
001312,福恩股份,,,,no_esg_report
001313,粤海饲料,,,,no_esg_report
001314,亿道信息,,,,no_esg_report
001316,润贝航科,,,,no_esg_report
001317,三羊马,,,,no_esg_report
001318,阳光乳业,,,,no_esg_report
001319,铭科精技,,,,no_esg_report
001322,箭牌家居,箭牌家居：2025年度环境、社会和公司治理（ESG）报告,2026,C:\Users\13765\OneDrive\Desktop\研究生\数据要素\data\pdfs\001322_箭牌家居_2026.pdf,success
001323,慕思股份,慕思股份：2025年度环境、社会和公司治理（ESG）报告,2026,C:\Users\13765\OneDrive\Desktop\研究生\数据要素\data\pdfs\001323_慕思股份_2026.pdf,success
001324,长青科技,长青科技：2025长青科技ESG报告,2026,C:\Users\13765\OneDrive\Desktop\研究生\数据要素\data\pdfs\001324_长青科技_2026.pdf,success
001325,元创股份,,,,no_esg_report
001326,联域股份,,,,no_esg_report
001328,登康口腔,登康口腔：2025年环境、社会及治理（ESG）报告,2026,C:\Users\13765\OneDrive\Desktop\研究生\数据要素\data\pdfs\001328_登康口腔_2026.pdf,success
001330,博纳影业,,,,no_esg_report
001331,胜通能源,,,,no_esg_report
001332,锡装股份,,,,no_esg_report
001333,光华股份,,,,no_esg_report
001335,信凯科技,,,,no_esg_report
001336,楚环科技,,,,no_esg_report
001337,四川黄金,,,,no_esg_report
001338,永顺泰,永顺泰：2024年度粤海永顺泰集团股份有限公司环境、社会和公司治理（ESG）报告,2025,C:\Users\13765\OneDrive\Desktop\研究生\数据要素\data\pdfs\001338_永顺泰_2025.pdf,success
001339,智微智能,智微智能：2025年度社会责任报告,2026,C:\Users\13765\OneDrive\Desktop\研究生\数据要素\data\pdfs\001339_智微智能_2026.pdf,success
001356,富岭股份,,,,no_esg_report
001358,兴欣新材,,,,no_esg_report
001359,平安电工,,,,no_esg_report
001360,南矿集团,,,,no_esg_report
001366,播恩集团,,,,no_esg_report
001367,海森药业,,,,no_esg_report
001368,通达创智,,,,no_esg_report
001369,双欣材料,,,,no_esg_report
001373,翔腾新材,,,,no_esg_report
001376,百通能源,,,,no_esg_report
001378,德冠新材,,,,no_esg_report
001379,腾达科技,,,,no_esg_report
001380,华纬科技,,,,no_esg_report
001382,新亚电缆,,,,no_esg_report
001386,马可波罗,,,,no_esg_report
001387,雪祺电气,,,,no_esg_report
001388,信通电子,,,,no_esg_report
001389,广合科技,广合科技：2025年度环境、社会和公司治理(ESG)报告,2026,C:\Users\13765\OneDrive\Desktop\研究生\数据要素\data\pdfs\001389_广合科技_2026.pdf,success
001390,古麒绒材,古麒绒材：古麒绒材：2025年度可持续发展（ESG）报告,2026,C:\Users\13765\OneDrive\Desktop\研究生\数据要素\data\pdfs\001390_古麒绒材_2026.pdf,success
001391,国货航,国货航：2025年度可持续发展报告,2026,C:\Users\13765\OneDrive\Desktop\研究生\数据要素\data\pdfs\001391_国货航_2026.pdf,success
001395,亚联机械,,,,no_esg_report
001396,誉帆科技,,,,no_esg_report
001400,江顺科技,,,,no_esg_report
001696,宗申动力,宗申动力：2025年可持续发展报告,2026,C:\Users\13765\OneDrive\Desktop\研究生\数据要素\data\pdfs\001696_宗申动力_2026.pdf,success
001872,招商港口,招商港口：2025年可持续发展报告,2026,C:\Users\13765\OneDrive\Desktop\研究生\数据要素\data\pdfs\001872_招商港口_2026.pdf,success
001896,豫能控股,,,,no_esg_report
001914,招商积余,招商积余：2025年可持续发展报告,2026,C:\Users\13765\OneDrive\Desktop\研究生\数据要素\data\pdfs\001914_招商积余_2026.pdf,success
001965,招商公路,招商公路：2025年度可持续发展报告,2026,C:\Users\13765\OneDrive\Desktop\研究生\数据要素\data\pdfs\001965_招商公路_2026.pdf,success
001979,招商蛇口,招商蛇口：招商蛇口2025年可持续发展报告,2026,C:\Users\13765\OneDrive\Desktop\研究生\数据要素\data\pdfs\001979_招商蛇口_2026.pdf,success
002001,新 和 成,新 和 成：2025年环境、社会及治理（ESG）报告,2026,C:\Users\13765\OneDrive\Desktop\研究生\数据要素\data\pdfs\002001_新和成_2026.pdf,success
002003,伟星股份,伟星股份：公司2025年度社会责任报告,2026,C:\Users\13765\OneDrive\Desktop\研究生\数据要素\data\pdfs\002003_伟星股份_2026.pdf,success
002004,华邦健康,,,,no_esg_report
002005,ST德豪,,,,no_esg_report
002006,精工科技,精工科技：2025年度环境、社会及公司治理（ESG）报告,2026,C:\Users\13765\OneDrive\Desktop\研究生\数据要素\data\pdfs\002006_精工科技_2026.pdf,success
002007,华兰生物,华兰生物：2025年度环境、社会及治理（ESG）报告,2026,C:\Users\13765\OneDrive\Desktop\研究生\数据要素\data\pdfs\002007_华兰生物_2026.pdf,success
002008,大族激光,大族激光：上网文件-2025年度环境、社会及公司治理（ESG）报告,2026,C:\Users\13765\OneDrive\Desktop\研究生\数据要素\data\pdfs\002008_大族激光_2026.pdf,success
002009,天奇股份,天奇股份：江苏天奇博瑞智能装备发展有限公司拟进行股权转让涉及的江苏天慧科技开发有限公司股东全部权益价值项目资产评估报告,2022,C:\Users\13765\OneDrive\Desktop\研究生\数据要素\data\pdfs\002009_天奇股份_2022.pdf,success
002010,传化智联,传化智联：2025年度环境、社会和公司治理(ESG)报告,2026,C:\Users\13765\OneDrive\Desktop\研究生\数据要素\data\pdfs\002010_传化智联_2026.pdf,success
002011,盾安环境,盾安环境：2025年度环境、社会及公司治理（ESG）报告,2026,C:\Users\13765\OneDrive\Desktop\研究生\数据要素\data\pdfs\002011_盾安环境_2026.pdf,success
002012,凯恩股份,凯恩股份：2025年度可持续发展报告（中文版）,2026,C:\Users\13765\OneDrive\Desktop\研究生\数据要素\data\pdfs\002012_凯恩股份_2026.pdf,success
002014,永新股份,永新股份：2025年可持续发展报告,2026,C:\Users\13765\OneDrive\Desktop\研究生\数据要素\data\pdfs\002014_永新股份_2026.pdf,success
002015,协鑫能科,协鑫能科：2025年度可持续发展报告,2026,C:\Users\13765\OneDrive\Desktop\研究生\数据要素\data\pdfs\002015_协鑫能科_2026.pdf,success
002016,世荣兆业,世荣兆业：2025年度环境、社会及治理（ESG）报告,2026,C:\Users\13765\OneDrive\Desktop\研究生\数据要素\data\pdfs\002016_世荣兆业_2026.pdf,success
002017,东信和平,东信和平：东信和平2025年度ESG报告,2026,C:\Users\13765\OneDrive\Desktop\研究生\数据要素\data\pdfs\002017_东信和平_2026.pdf,success
002019,亿帆医药,亿帆医药：2025年度可持续发展报告,2026,C:\Users\13765\OneDrive\Desktop\研究生\数据要素\data\pdfs\002019_亿帆医药_2026.pdf,success
002020,京新药业,京新药业：2025年度环境、社会和治理（ESG）报告,2026,C:\Users\13765\OneDrive\Desktop\研究生\数据要素\data\pdfs\002020_京新药业_2026.pdf,success
002021,中捷资源,,,,no_esg_report
002022,科华生物,科华生物：拟收购上海科华企业发展有限公司22.06%股权所涉及的上海科华企业发展有限公司股东全部权益价值评估报告,2014,C:\Users\13765\OneDrive\Desktop\研究生\数据要素\data\pdfs\002022_科华生物_2014.pdf,success
002023,海特高新,,,,no_esg_report
002024,ST易购,ST易购：2025年社会责任报告,2026,C:\Users\13765\OneDrive\Desktop\研究生\数据要素\data\pdfs\002024_ST易购_2026.pdf,success
